CustomerID,Gender,Age,Annual Income ($),Spending Score (1-100)
1,Female,40,30200,22
2,Female,20,27300,82
3,Male,36,86500,14
4,Female,38,94700,91
5,Female,26,80000,82
6,Male,29,53000,40
7,Female,42,32900,30
8,Female,34,18300,82
9,Male,56,80600,23
10,Female,38,61900,55
11,Female,43,77000,14
12,Female,31,82600,85
13,Female,26,24300,66
14,Male,51,35400,22
15,Female,70,34500,59
16,Male,29,96400,74
17,Female,67,27200,11
18,Female,42,16600,22
19,Male,24,15900,75
20,Male,59,79900,13
21,Male,32,95200,75
22,Male,52,25500,10
23,Male,23,84800,85
24,Male,30,85400,85
25,Male,30,103500,69
26,Male,48,79900,18
27,Female,29,88800,83
28,Female,59,52000,51
29,Female,28,22000,75
30,Male,23,20500,73
31,Female,35,91500,8
32,Female,41,57100,55
33,Male,37,27500,24
34,Male,46,61300,62
35,Female,30,53100,55
36,Male,40,89600,38
37,Female,27,24900,62
38,Female,47,68900,59
39,Male,34,71500,91
40,Male,46,34000,20
41,Female,42,61600,49
42,Female,26,100200,83
43,Male,31,50900,54
44,Female,52,95500,2
45,Female,50,24900,14
46,Female,60,66800,52
47,Female,51,54500,57
48,Male,37,86400,13
49,Male,49,30000,33
50,Female,49,28700,13
51,Male,68,90600,12
52,Female,25,23400,80
53,Female,52,89400,29
54,Male,26,30500,82
55,Female,24,30800,76
56,Male,46,102900,16
57,Female,27,87400,99
58,Male,27,23200,63
59,Female,45,69600,57
60,Female,32,21300,23
61,Male,30,82100,83
62,Female,27,12000,18
63,Female,45,55500,53
64,Female,49,19900,13
65,Female,40,46600,53
66,Female,26,99900,98
67,Male,38,87600,15
68,Female,35,91300,73
69,Male,27,52700,42
70,Female,49,26800,15
71,Female,29,27700,84
72,Male,44,38200,7
73,Male,40,57600,63
74,Female,29,20800,82
75,Male,33,74700,85
76,Female,31,24900,11
77,Male,41,101200,28
78,Female,47,107200,19
79,Male,25,30100,82
80,Male,34,92000,7
81,Female,53,84400,17
82,Female,41,49400,58
83,Male,37,97800,85
84,Female,55,23800,8
85,Female,34,80500,91
86,Female,48,99800,16
87,Male,26,23200,75
88,Female,18,24500,26
89,Female,42,23300,22
90,Female,33,86800,97
91,Female,34,75600,65
92,Female,35,78400,80
93,Male,42,82100,25
94,Female,54,75700,11
95,Female,46,69000,52
96,Female,46,42700,45
97,Male,22,29800,92
98,Male,48,24200,17
99,Female,41,88000,10
100,Male,29,27400,75
101,Female,35,91500,73
102,Male,25,31800,70
103,Female,24,55400,44
104,Female,35,92300,80
105,Male,22,29000,65
106,Male,53,21000,11
107,Female,27,31100,86
108,Female,46,27800,35
109,Male,28,29800,77
110,Female,43,23300,26
111,Female,24,99900,82
112,Female,63,54200,50
113,Male,23,19200,80
114,Male,60,20700,6
115,Male,44,77000,33
116,Male,37,79300,21
117,Male,36,59700,57
118,Female,44,34400,27
119,Male,38,34700,19
120,Female,42,29300,22
121,Male,57,15900,1
122,Male,48,20400,19
123,Female,32,91000,91
124,Female,32,89800,81
125,Male,44,58500,52
126,Male,34,53500,44
127,Male,31,56200,45
128,Female,63,62900,42
129,Female,57,96400,11
130,Male,31,28300,10
131,Male,21,35000,69
132,Female,21,29300,72
133,Female,33,51200,62
134,Female,26,31200,74
135,Female,39,27500,18
136,Male,28,54500,62
137,Male,23,30300,70
138,Male,25,17300,74
139,Female,34,82700,75
140,Female,37,89600,26
141,Female,27,26900,79
142,Female,47,45600,57
143,Female,61,86900,17
144,Female,38,56400,32
145,Male,28,84300,19
146,Male,24,27300,78
147,Male,47,98000,9
148,Female,31,64400,43
149,Male,31,67000,91
150,Female,27,23900,69
151,Female,30,27000,75
152,Female,41,52400,37
153,Male,30,30100,73
154,Male,37,90000,20
155,Male,29,22800,31
156,Female,42,101800,20
157,Female,45,57400,52
158,Female,50,83900,18
159,Male,48,102200,22
160,Male,32,40900,53
161,Male,33,76500,15
162,Female,32,84600,21
163,Female,46,81500,29
164,Male,47,60800,50
165,Female,58,20700,23
166,Male,39,19800,27
167,Female,28,24100,76
168,Male,33,83200,79
169,Male,22,26400,82
170,Female,44,103500,6
171,Male,25,42400,61
172,Male,22,24000,90
173,Female,22,22200,65
174,Male,27,84900,100
175,Female,54,61000,52
176,Female,43,58500,43
177,Female,58,45600,49
178,Male,22,27000,78
179,Female,18,26700,67
180,Male,39,52300,57
181,Male,30,24100,77
182,Male,40,25000,36
183,Female,46,93800,1
184,Female,52,64400,52
185,Female,51,21500,16
186,Female,34,91900,87
187,Female,53,18500,22
188,Female,40,86600,11
189,Female,50,68800,33
190,Male,31,86300,79
191,Male,44,65400,45
192,Male,45,78000,12
193,Female,24,81900,79
194,Female,24,29500,85
195,Female,35,52600,49
196,Male,38,91900,19
197,Female,53,29800,8
198,Male,33,78600,78
199,Male,41,74700,70
200,Male,47,20200,19
