area_sqft,bedrooms,bathrooms,house_age,distance_city_km,income_k,rooms,crime_rate,garage_spaces,school_rating,price
3774.0,1.0,4.4,44.0,12.41,24.58,9.0,3.93,2.0,4.9,881889.277081491
4107.0,5.0,,25.0,34.27,113.32,3.0,3.57,2.0,6.2,752923.3794332191
1460.0,4.0,1.6,38.0,30.12,21.81,11.0,11.17,1.0,6.3,237217.34451488225
1894.0,1.0,3.8,27.0,24.84,145.98,6.0,5.14,2.0,7.9,453706.2280683971
1730.0,5.0,3.3,4.0,25.72,69.03,5.0,7.84,3.0,9.6,652759.9933023128
1695.0,5.0,2.7,7.0,20.11,26.44,6.0,2.86,0.0,5.3,543183.9128219705
4372.0,3.0,2.9,24.0,,114.14,6.0,14.42,0.0,3.3,625168.8994467426
3692.0,5.0,3.5,26.0,17.87,83.63,4.0,12.85,1.0,6.5,984649.9893620347
2238.0,5.0,1.8,45.0,13.94,175.81,3.0,13.02,1.0,6.8,763419.2519235567
2769.0,5.0,4.5,22.0,6.54,107.07,3.0,6.4,3.0,4.2,912361.7521042706
1066.0,5.0,4.4,29.0,27.73,64.04,10.0,11.55,1.0,8.3,410477.77945535915
1838.0,2.0,3.3,,25.97,133.51,4.0,2.59,,9.9,468923.1895514926
930.0,2.0,1.7,46.0,14.07,63.44,7.0,0.62,3.0,9.6,430893.3979397821
2082.0,3.0,3.4,22.0,1.86,164.68,6.0,,2.0,4.4,806916.6136289682
2735.0,1.0,1.3,48.0,29.53,79.96,10.0,9.01,0.0,9.1,386163.3229676566
4044.0,5.0,1.1,46.0,1.39,107.98,4.0,7.1,2.0,7.9,1178067.982657458
3771.0,1.0,1.9,19.0,24.93,,11.0,8.01,0.0,6.2,682639.4325421908
3519.0,1.0,2.6,17.0,33.99,88.18,9.0,0.61,2.0,6.8,435358.12782500865
4335.0,3.0,4.0,17.0,15.88,153.18,9.0,6.63,0.0,8.9,1191895.9081331303
730.0,5.0,3.5,1.0,8.99,148.9,3.0,10.91,1.0,6.4,666971.5783845591
2285.0,5.0,3.6,3.0,,55.89,4.0,6.92,2.0,5.6,620214.7546319348
3980.0,4.0,2.5,29.0,28.78,56.17,6.0,11.12,0.0,6.5,776142.847014178
1369.0,1.0,,32.0,19.58,150.77,6.0,3.88,2.0,7.1,369423.15092722693
2991.0,1.0,2.3,35.0,,168.86,5.0,,3.0,4.3,355560.9204282719
2115.0,2.0,4.5,17.0,2.76,35.26,,9.03,1.0,9.3,778602.1418921616
4085.0,4.0,1.1,36.0,18.16,92.01,10.0,3.56,0.0,7.7,1062830.1132064417
3453.0,2.0,4.0,18.0,25.43,73.99,4.0,3.93,3.0,7.4,701119.2277138818
3033.0,2.0,3.0,46.0,30.33,159.31,6.0,9.61,2.0,3.7,496208.826767337
1815.0,2.0,2.5,27.0,7.09,33.36,5.0,12.53,3.0,7.2,591088.1819216749
1555.0,3.0,3.5,39.0,28.2,53.78,4.0,6.53,2.0,3.8,204765.8104478076
2924.0,3.0,2.7,,19.79,140.39,8.0,4.25,1.0,3.6,761394.0931295245
1784.0,2.0,4.1,48.0,14.48,28.21,6.0,13.07,3.0,6.7,442911.9836140941
1059.0,4.0,4.2,32.0,5.48,98.81,8.0,10.2,1.0,,632157.1688266214
3985.0,1.0,2.5,11.0,30.42,90.74,4.0,7.0,0.0,7.1,596189.339177804
621.0,4.0,2.0,14.0,6.35,73.5,6.0,7.57,2.0,3.6,421948.97985208966
,5.0,3.1,40.0,11.53,83.13,8.0,3.46,2.0,6.0,946544.9336984241
1347.0,3.0,4.2,38.0,10.86,104.79,7.0,9.59,1.0,4.2,558854.6600223063
3504.0,1.0,1.7,1.0,30.63,45.82,5.0,5.7,1.0,9.9,532999.7251312075
,1.0,3.2,28.0,23.87,111.52,10.0,14.94,0.0,6.9,862066.7461508836
1074.0,5.0,3.2,40.0,,148.87,9.0,7.46,,7.8,420275.0668245295
1682.0,5.0,3.6,9.0,9.52,141.63,5.0,7.55,2.0,5.3,785013.1561475353
3158.0,2.0,1.5,1.0,22.25,44.62,8.0,8.7,2.0,3.7,605681.466188538
4353.0,3.0,3.5,10.0,20.44,43.88,6.0,13.79,0.0,9.8,1039909.2558519996
2647.0,3.0,,12.0,29.32,62.91,7.0,12.11,0.0,5.0,501060.935875903
4147.0,4.0,1.6,9.0,31.81,77.77,7.0,7.04,1.0,6.0,759292.0346066002
3347.0,2.0,1.8,13.0,1.41,85.35,9.0,10.92,,7.5,991569.7469526783
1575.0,2.0,4.4,,23.92,128.75,7.0,9.0,3.0,3.2,452456.65768587444
2406.0,2.0,1.6,8.0,2.76,29.07,5.0,7.64,0.0,8.7,712402.1391956647
789.0,2.0,4.0,38.0,19.66,25.55,7.0,,3.0,6.8,296886.1814778126
3605.0,3.0,,27.0,10.78,82.71,9.0,7.23,0.0,4.9,954574.4598927932
3334.0,3.0,1.9,2.0,11.43,131.55,7.0,4.06,2.0,3.4,925254.3852086958
3605.0,2.0,4.0,19.0,13.0,50.95,7.0,13.77,0.0,4.1,863485.273422743
1162.0,4.0,,5.0,22.12,122.64,11.0,5.36,0.0,9.3,518987.20304067427
2499.0,1.0,2.8,26.0,,61.57,5.0,,2.0,7.8,682347.402984833
4238.0,1.0,2.3,1.0,,161.77,8.0,8.23,0.0,4.7,835619.2892489079
1867.0,4.0,3.1,28.0,14.75,163.31,3.0,9.66,,3.5,608930.777062686
3479.0,2.0,1.6,37.0,3.32,67.57,7.0,8.37,1.0,7.8,891821.877825412
2128.0,3.0,2.4,2.0,27.65,56.8,10.0,2.38,1.0,7.0,431805.87448076945
3802.0,1.0,,15.0,10.72,85.81,7.0,5.95,3.0,5.8,948542.5110553561
4156.0,5.0,1.9,29.0,15.71,58.49,11.0,1.94,2.0,5.5,1079996.4393240053
4490.0,5.0,3.3,39.0,24.31,127.58,8.0,9.53,0.0,4.5,1041926.63181236
1246.0,4.0,2.1,1.0,12.3,152.17,10.0,6.98,3.0,7.7,733725.6523754951
2668.0,2.0,3.7,16.0,,127.69,10.0,11.78,1.0,9.8,946033.0486591144
,1.0,1.5,40.0,13.71,151.9,5.0,3.7,1.0,4.2,780949.4441296072
2814.0,2.0,4.4,11.0,33.11,83.52,9.0,2.89,3.0,7.2,482743.4112986622
1897.0,1.0,2.6,34.0,22.82,45.01,9.0,6.39,1.0,6.0,348352.4468006951
3035.0,4.0,1.8,,23.83,138.07,8.0,13.94,3.0,6.1,724381.8380703474
1200.0,4.0,1.3,0.0,22.5,77.68,9.0,10.8,1.0,4.8,375897.67809378484
2963.0,5.0,1.6,44.0,7.77,127.4,4.0,6.57,3.0,8.8,1024260.8989920879
2661.0,2.0,2.8,14.0,15.22,63.3,11.0,8.0,0.0,6.4,708506.3144743288
841.0,5.0,2.2,25.0,26.53,33.0,,1.72,0.0,6.8,243025.18845828794
2641.0,2.0,3.9,36.0,4.45,178.81,3.0,14.78,,5.1,820983.0773603057
,5.0,2.5,20.0,10.45,44.99,5.0,10.16,0.0,4.3,900443.6120558307
4017.0,3.0,1.9,48.0,10.39,178.15,5.0,4.64,1.0,3.6,981254.6281794443
,3.0,3.2,30.0,15.69,176.36,3.0,8.99,2.0,8.0,941116.6647164484
3545.0,3.0,3.5,24.0,34.33,147.01,9.0,2.09,3.0,4.4,618994.2904304606
1963.0,3.0,1.6,22.0,3.3,125.51,6.0,14.5,2.0,7.8,714014.6142211206
2739.0,1.0,1.6,23.0,18.64,112.45,4.0,3.03,1.0,5.7,593029.6356475865
1990.0,3.0,1.1,37.0,7.1,158.58,7.0,9.9,1.0,5.9,723504.715525284
3603.0,4.0,3.6,27.0,34.0,66.31,8.0,4.06,2.0,6.3,602420.4756684824
2078.0,4.0,3.3,20.0,4.85,94.83,11.0,10.9,2.0,5.6,790254.4195167876
4099.0,1.0,2.7,42.0,14.72,119.1,6.0,11.76,1.0,3.7,877634.4964652065
3156.0,3.0,4.0,17.0,26.09,85.79,4.0,10.26,1.0,5.2,665838.8767852992
1375.0,3.0,,35.0,24.95,88.4,7.0,9.41,3.0,7.6,462458.6741430674
634.0,3.0,3.0,34.0,15.37,72.85,5.0,13.44,0.0,7.7,374447.49821134214
2853.0,5.0,4.0,44.0,12.78,110.28,,,0.0,5.0,904457.8476389028
3752.0,2.0,1.7,8.0,14.52,156.09,3.0,,3.0,6.2,971032.9632725415
2555.0,5.0,1.4,37.0,,52.24,4.0,4.1,2.0,4.4,727953.9858839317
2185.0,2.0,1.9,29.0,7.98,169.51,8.0,14.83,1.0,4.5,720695.2502899228
4059.0,3.0,1.2,43.0,17.42,130.25,10.0,6.15,2.0,3.2,925656.190991797
3673.0,3.0,2.9,33.0,10.13,151.72,5.0,11.12,0.0,9.3,1077902.2948807003
1621.0,5.0,4.3,31.0,10.77,108.99,11.0,10.43,0.0,4.5,688230.153956226
4061.0,5.0,1.1,,23.33,144.72,11.0,,2.0,4.6,1022965.4058359951
3213.0,2.0,1.4,2.0,33.93,22.59,4.0,3.97,0.0,5.0,342969.4306158526
1729.0,4.0,2.6,27.0,21.52,150.94,10.0,,1.0,3.9,563341.6452946021
4443.0,2.0,4.3,43.0,3.62,26.42,7.0,6.46,3.0,7.5,1117622.7343643715
4493.0,,2.1,14.0,3.57,162.39,6.0,3.9,2.0,3.5,1259697.0128514578
2100.0,5.0,2.8,40.0,33.35,178.71,7.0,0.78,1.0,3.9,424698.54449046025
,1.0,1.1,22.0,11.11,67.05,6.0,13.25,1.0,7.5,391528.9148377109
3049.0,5.0,1.5,39.0,4.13,53.65,10.0,14.5,0.0,5.4,865023.3277555602
3377.0,1.0,4.5,10.0,21.37,142.46,6.0,5.45,1.0,8.0,773102.8950429389
,,4.4,47.0,22.2,60.48,8.0,5.41,2.0,6.9,632427.6348506744
761.0,2.0,1.0,31.0,23.05,158.49,,0.6,1.0,4.8,221883.36644677861
801.0,2.0,4.3,35.0,10.09,36.45,7.0,10.36,3.0,7.6,389580.3095791987
2581.0,1.0,,32.0,1.51,40.15,8.0,12.47,1.0,3.8,679328.2625913444
1595.0,2.0,4.0,23.0,33.81,176.66,7.0,2.63,,6.8,286850.66150066594
2917.0,5.0,2.6,38.0,,127.81,4.0,2.82,3.0,6.1,956080.9785044318
1415.0,3.0,2.8,33.0,23.98,155.5,9.0,11.96,1.0,4.9,426110.1263295213
3942.0,1.0,2.7,27.0,25.03,71.89,6.0,9.44,1.0,7.2,747474.1257126951
1055.0,,,36.0,21.74,128.24,10.0,1.15,0.0,9.1,456815.8033421285
4133.0,1.0,1.5,6.0,11.64,,9.0,9.53,2.0,10.0,1046822.9814127146
4398.0,1.0,1.1,3.0,10.22,116.5,9.0,4.98,0.0,7.3,1060653.4352384286
1875.0,3.0,2.1,36.0,21.32,129.21,11.0,5.85,2.0,5.8,565449.274565292
1616.0,5.0,3.5,0.0,30.45,112.06,3.0,,3.0,4.6,392915.4701593587
4373.0,1.0,1.7,0.0,33.19,88.65,8.0,12.26,3.0,4.8,629438.7575085488
2943.0,2.0,3.4,46.0,4.6,64.15,8.0,6.31,3.0,6.4,850200.4952338275
,4.0,4.4,19.0,6.26,,,14.23,2.0,5.6,1231812.472963955
3367.0,1.0,1.3,18.0,33.12,56.2,,6.39,2.0,9.4,453642.73241866915
4420.0,1.0,3.4,28.0,26.04,130.78,9.0,11.69,2.0,5.6,867396.8258756151
937.0,3.0,2.6,9.0,31.02,57.33,8.0,7.52,3.0,5.6,144259.98098483984
1478.0,5.0,4.0,17.0,7.89,120.05,3.0,13.51,2.0,5.7,717918.7161528475
1676.0,4.0,1.6,27.0,20.98,139.53,5.0,13.66,1.0,8.9,564489.3601224718
1391.0,2.0,3.4,34.0,24.84,54.99,4.0,1.77,0.0,7.6,269877.22364101716
2864.0,4.0,3.9,42.0,24.12,29.59,8.0,14.08,3.0,7.3,688781.3743889797
1363.0,2.0,4.3,46.0,14.88,40.96,10.0,12.47,0.0,5.3,409829.75114155957
2835.0,5.0,3.4,30.0,1.52,116.96,5.0,11.97,1.0,8.7,1016485.2768355992
979.0,2.0,2.7,26.0,,155.91,10.0,3.41,2.0,3.3,345415.57913663896
1092.0,3.0,3.2,10.0,9.61,27.2,10.0,12.17,0.0,9.1,534903.1746151982
3712.0,3.0,4.0,48.0,16.31,137.46,7.0,12.83,1.0,6.6,985155.5616032935
1780.0,3.0,3.0,48.0,33.56,74.61,10.0,4.69,1.0,5.8,234552.61628421157
2662.0,3.0,1.1,37.0,14.57,96.56,8.0,14.31,0.0,6.5,682172.5237060675
4484.0,4.0,4.3,4.0,29.55,168.62,7.0,1.22,3.0,7.7,1059440.571215721
664.0,5.0,3.4,7.0,7.41,73.12,11.0,2.67,0.0,3.1,553006.8888426806
3168.0,2.0,3.4,33.0,23.86,94.45,9.0,8.29,3.0,9.1,770607.2442399238
1967.0,2.0,1.8,47.0,34.22,22.19,10.0,8.85,2.0,6.1,106968.5856354543
1752.0,3.0,3.3,11.0,4.46,33.06,3.0,9.85,3.0,5.4,656988.1290506581
2627.0,3.0,2.4,37.0,1.28,,4.0,0.75,2.0,4.0,760053.3567237548
3295.0,1.0,3.3,0.0,15.74,24.46,10.0,14.43,0.0,6.1,766177.486026406
2095.0,5.0,1.4,30.0,4.15,121.02,,1.15,2.0,6.5,884273.2614999623
3734.0,4.0,3.3,3.0,26.45,88.22,6.0,2.57,1.0,,867347.9963085543
1762.0,2.0,4.5,48.0,32.09,107.7,11.0,0.7,2.0,7.8,308725.21937150497
,1.0,1.2,44.0,15.76,47.94,6.0,8.72,3.0,5.9,459803.12247546203
3240.0,1.0,4.4,49.0,9.8,67.35,,14.02,,9.7,908985.958447478
991.0,2.0,2.4,4.0,15.77,126.21,9.0,10.16,3.0,7.2,429988.01251006837
2298.0,4.0,4.0,29.0,25.6,174.45,4.0,12.43,2.0,8.7,701120.6769568884
1018.0,1.0,3.7,23.0,1.31,28.07,11.0,0.69,3.0,3.8,461803.2518631703
2936.0,1.0,3.0,2.0,21.04,162.46,6.0,8.36,3.0,5.8,745137.2722035936
978.0,5.0,3.6,10.0,21.85,112.3,10.0,7.16,1.0,5.4,524492.3081452743
2396.0,4.0,4.1,44.0,22.68,110.23,9.0,7.74,2.0,7.0,722844.3677226742
4161.0,1.0,2.4,3.0,9.23,100.04,,1.55,1.0,9.0,1083659.200149931
2878.0,,2.1,25.0,25.28,31.1,10.0,10.42,3.0,3.5,576012.916962384
3665.0,2.0,3.3,26.0,4.11,34.38,,7.8,3.0,3.5,881455.4828380025
2688.0,3.0,3.8,45.0,7.78,116.15,7.0,11.59,3.0,,922645.7556981158
3699.0,,3.7,42.0,30.83,74.55,4.0,7.54,2.0,4.5,559358.4947546378
2782.0,5.0,3.8,26.0,26.12,166.76,4.0,2.67,0.0,7.7,782218.2454030614
800.0,2.0,2.5,41.0,1.47,85.05,3.0,9.9,3.0,6.8,430520.24812189816
2463.0,4.0,3.9,49.0,9.44,42.93,7.0,3.0,3.0,8.8,865998.4862208298
1379.0,2.0,1.4,5.0,8.29,134.36,4.0,13.15,3.0,3.9,552540.4065948917
3577.0,1.0,2.9,14.0,10.21,66.94,6.0,9.39,3.0,3.9,861259.047423805
3704.0,4.0,1.0,29.0,9.42,104.08,5.0,2.78,2.0,,1062305.1016286297
3719.0,3.0,2.1,41.0,3.13,131.65,5.0,14.45,0.0,9.6,1101112.29917759
1102.0,2.0,2.3,36.0,16.6,164.04,4.0,,0.0,,429695.1367054995
3054.0,1.0,2.4,36.0,25.91,146.75,8.0,,0.0,5.3,562200.2283258612
4245.0,5.0,3.4,41.0,21.63,128.22,4.0,9.59,3.0,7.2,1126913.7331724179
2351.0,4.0,2.4,36.0,23.88,128.74,10.0,4.17,3.0,9.5,784041.3847923176
1404.0,2.0,2.6,34.0,3.76,171.35,10.0,12.15,0.0,8.9,680456.9095025584
2746.0,2.0,1.8,22.0,33.35,67.33,7.0,12.36,0.0,10.0,347145.9766779111
3331.0,3.0,2.3,5.0,29.51,20.18,9.0,14.69,3.0,3.2,491265.944468141
2495.0,3.0,1.8,3.0,28.37,63.51,6.0,7.78,3.0,3.8,447828.35103884264
3373.0,5.0,1.3,17.0,28.98,54.86,3.0,7.1,1.0,7.3,667312.7558817304
2170.0,5.0,3.1,8.0,32.71,,4.0,11.43,1.0,8.7,490437.47016599047
1560.0,1.0,3.3,48.0,19.5,121.39,6.0,2.42,1.0,5.0,366091.861515925
,1.0,3.2,28.0,7.81,114.95,3.0,8.43,0.0,4.7,1009344.5221667498
3260.0,5.0,2.6,12.0,21.97,22.6,10.0,8.42,2.0,8.5,902464.3383452744
2085.0,5.0,2.3,46.0,26.26,136.6,11.0,1.8,3.0,3.4,578864.3746503957
,4.0,4.0,16.0,26.09,71.76,6.0,6.56,1.0,5.6,748417.0458586711
,3.0,2.8,44.0,18.73,126.41,5.0,12.87,,6.5,1014717.0757382145
1628.0,1.0,2.7,31.0,3.33,109.05,4.0,12.91,3.0,6.9,583546.37970182
3889.0,3.0,1.1,47.0,13.62,74.84,7.0,1.94,2.0,8.1,981956.5144547164
1102.0,3.0,2.2,21.0,32.31,41.53,5.0,1.82,0.0,,98904.21123989842
3414.0,5.0,2.3,3.0,20.87,35.11,9.0,4.31,,7.3,907502.3631004033
997.0,4.0,,4.0,19.3,153.04,8.0,13.18,0.0,,548958.3539103027
1470.0,2.0,,36.0,10.14,166.94,3.0,2.37,1.0,6.8,620236.8485056872
,4.0,2.9,40.0,13.53,123.97,10.0,10.94,3.0,7.5,1039434.8955509643
992.0,,3.1,48.0,31.44,36.55,,1.97,0.0,4.8,79797.39205335236
806.0,3.0,3.7,,23.66,84.32,7.0,9.54,1.0,3.6,285466.99651476066
1638.0,4.0,3.8,33.0,27.77,136.63,11.0,5.66,1.0,3.8,412761.87270732404
2481.0,1.0,3.5,44.0,16.45,144.77,10.0,11.94,1.0,4.6,610511.1346864151
4225.0,3.0,4.3,21.0,22.43,38.91,4.0,3.89,1.0,6.5,873360.5945829002
3539.0,1.0,1.1,22.0,9.45,20.0,11.0,9.77,0.0,8.9,806238.6309377623
2084.0,2.0,1.7,2.0,24.99,133.94,7.0,3.92,1.0,7.9,541491.4183094312
4362.0,3.0,1.0,41.0,15.54,77.06,8.0,10.85,0.0,8.5,1010665.3742947535
4246.0,2.0,3.3,33.0,16.05,60.72,5.0,13.17,0.0,5.5,915536.4528102806
1463.0,3.0,4.1,31.0,23.08,22.06,5.0,2.34,1.0,5.8,354711.46376297326
3390.0,5.0,1.9,44.0,32.83,,,13.07,0.0,5.8,596112.3323504009
3912.0,,4.2,48.0,,156.18,4.0,9.11,3.0,,1107159.624297221
1163.0,5.0,1.2,20.0,29.04,173.22,4.0,2.34,3.0,3.4,306378.33789960784
1620.0,2.0,4.3,45.0,10.94,,7.0,6.7,2.0,7.1,614057.0126055261
695.0,4.0,2.2,43.0,16.09,102.31,8.0,2.83,3.0,9.9,546054.0359545455
2523.0,3.0,1.4,20.0,1.75,33.61,4.0,10.66,0.0,4.2,686803.0481102929
2357.0,4.0,2.7,43.0,11.24,107.82,7.0,11.5,0.0,3.3,686352.4872110396
3132.0,1.0,1.9,10.0,18.09,80.8,9.0,2.03,,8.5,728710.0852334957
4078.0,4.0,2.0,38.0,2.91,117.14,10.0,7.84,1.0,4.8,1158030.102949457
2878.0,1.0,,3.0,17.7,82.2,9.0,12.31,1.0,8.8,700824.6347840495
3396.0,4.0,,0.0,32.52,58.45,10.0,14.07,0.0,7.9,675566.4194873474
2278.0,1.0,,27.0,4.58,35.19,11.0,7.95,1.0,9.6,739725.4759052765
3842.0,2.0,2.1,23.0,26.99,70.39,7.0,14.28,2.0,5.9,705928.9326248987
1140.0,5.0,3.1,34.0,14.93,35.46,7.0,8.27,2.0,7.6,580010.0089704182
1659.0,3.0,3.5,12.0,23.28,48.3,6.0,6.22,3.0,6.3,458400.19953072927
3172.0,4.0,2.0,46.0,9.85,177.97,11.0,12.8,3.0,7.4,1047244.9100391462
1783.0,,2.4,33.0,6.42,91.06,7.0,7.65,1.0,6.1,754232.8087780465
2322.0,3.0,1.4,10.0,6.46,105.1,4.0,7.34,0.0,4.3,717221.4834064158
3914.0,3.0,1.6,35.0,3.4,,10.0,7.61,,6.6,1190628.8348346034
3757.0,1.0,3.4,16.0,7.31,179.29,,12.78,2.0,6.7,1117987.7428040705
2419.0,2.0,1.6,34.0,23.58,113.23,10.0,12.56,3.0,8.7,592239.5535500887
3225.0,2.0,2.8,17.0,30.98,150.0,5.0,6.35,3.0,8.1,570923.9675739092
3329.0,5.0,3.5,39.0,,72.31,6.0,5.33,2.0,7.6,740031.7817827071
3204.0,2.0,1.4,21.0,24.29,68.92,7.0,7.63,0.0,3.8,616679.9712867943
2197.0,4.0,3.0,23.0,4.75,84.43,8.0,8.81,,8.0,893056.8428413937
3660.0,2.0,1.9,18.0,10.83,127.6,3.0,3.96,3.0,6.5,970184.9811811249
3293.0,5.0,4.4,36.0,11.53,129.15,6.0,12.01,3.0,9.3,1143561.394949881
1395.0,2.0,2.7,,9.5,70.44,7.0,7.55,1.0,9.4,523002.1388943504
1651.0,,3.8,20.0,18.51,41.31,9.0,5.34,3.0,3.4,566261.5958836376
2243.0,1.0,2.9,7.0,19.21,121.18,7.0,2.05,2.0,8.7,610150.7744481477
,5.0,1.2,27.0,13.13,40.53,3.0,3.96,0.0,3.3,973852.893348457
1963.0,1.0,3.2,4.0,13.03,112.56,9.0,14.26,0.0,5.6,566134.9412911466
4469.0,1.0,,16.0,29.17,130.95,10.0,,2.0,6.8,862249.7472942931
,1.0,3.1,36.0,27.84,132.1,9.0,2.95,1.0,4.0,489518.89167632407
1954.0,3.0,3.9,35.0,11.47,140.56,6.0,7.18,2.0,8.2,761350.6024283302
2263.0,3.0,4.1,18.0,32.07,159.66,10.0,4.95,0.0,3.1,417913.8556508494
2129.0,1.0,1.8,26.0,33.4,99.99,7.0,1.01,,4.2,210356.896323717
2638.0,5.0,1.7,33.0,12.11,136.84,11.0,5.19,1.0,7.1,909856.0783491269
4019.0,4.0,3.1,10.0,13.05,119.07,7.0,8.39,0.0,8.0,1114367.7377388496
2096.0,4.0,2.4,44.0,18.19,49.86,3.0,,1.0,9.4,655127.1753073483
3902.0,2.0,3.9,46.0,33.0,24.11,11.0,5.67,2.0,7.9,594758.135919555
2837.0,5.0,4.2,11.0,30.79,65.53,7.0,6.99,3.0,7.7,703311.4125495363
3896.0,3.0,2.2,20.0,,90.89,8.0,14.5,2.0,5.8,1082625.2226687674
2008.0,1.0,1.8,10.0,14.35,118.74,6.0,5.97,1.0,3.0,566895.6711848866
2000.0,2.0,3.7,38.0,19.81,155.99,8.0,4.24,2.0,3.8,532287.1578855915
1906.0,4.0,2.0,27.0,18.11,51.4,10.0,4.03,3.0,6.7,610444.5253336526
3280.0,3.0,3.9,4.0,7.59,40.09,5.0,7.14,1.0,7.7,973549.1736760952
3275.0,3.0,2.5,16.0,30.2,174.16,7.0,11.51,2.0,5.9,686133.9261725913
1572.0,1.0,3.3,19.0,24.02,37.29,4.0,3.49,1.0,8.1,363843.86736490723
2368.0,4.0,,40.0,29.49,96.56,4.0,10.78,1.0,6.7,413108.738029173
1882.0,5.0,3.2,45.0,30.2,113.69,9.0,0.81,0.0,3.5,415882.3388963525
4030.0,3.0,2.6,11.0,26.44,106.62,8.0,6.57,0.0,4.3,814186.7187509635
1309.0,1.0,3.1,5.0,,33.77,6.0,11.75,1.0,8.9,360791.0905484132
2079.0,5.0,1.6,16.0,21.76,29.12,7.0,5.41,2.0,8.1,627903.2926968351
2034.0,4.0,3.6,18.0,6.45,36.88,3.0,8.67,2.0,9.3,807142.3826480831
1248.0,3.0,4.0,,23.9,113.69,9.0,3.47,2.0,3.8,352797.6948525934
917.0,5.0,1.8,47.0,7.09,107.1,10.0,,3.0,9.9,661787.1282107087
4348.0,5.0,1.3,43.0,24.59,57.4,11.0,1.26,1.0,4.5,865384.6770940839
3896.0,5.0,1.1,43.0,8.81,122.04,10.0,12.86,1.0,3.1,1028006.3886171085
4490.0,3.0,3.2,31.0,5.0,,7.0,3.37,3.0,10.0,1320510.720031664
1857.0,3.0,3.1,5.0,6.62,26.65,5.0,13.18,1.0,5.0,596747.2943021596
1283.0,2.0,2.9,35.0,1.07,99.7,11.0,5.61,1.0,7.7,604535.4304558568
1263.0,4.0,1.8,37.0,25.44,,8.0,10.98,3.0,4.2,315656.1072435516
2598.0,1.0,2.4,10.0,25.9,60.37,7.0,5.13,0.0,7.1,453874.66448899737
4498.0,5.0,3.1,32.0,18.51,69.24,5.0,13.64,1.0,9.3,1127006.4938582042
4045.0,2.0,2.7,23.0,6.49,118.18,8.0,2.34,3.0,5.2,1114226.4238589725
4343.0,1.0,4.5,22.0,3.84,163.67,5.0,3.09,2.0,7.7,1231063.2077519305
2231.0,,1.5,14.0,1.65,149.59,8.0,7.65,0.0,4.3,682231.1925802708
2095.0,3.0,3.4,,6.64,113.3,6.0,,2.0,7.4,791906.2338918978
3904.0,5.0,2.4,10.0,,136.84,4.0,3.34,1.0,5.4,784061.89747413
4363.0,1.0,,49.0,9.21,78.37,10.0,14.18,0.0,4.5,958033.9888695743
1736.0,1.0,3.5,16.0,13.05,122.55,6.0,14.66,3.0,5.2,584510.5910493601
2453.0,1.0,3.4,13.0,4.58,94.59,11.0,,1.0,4.3,746908.2485801517
2120.0,1.0,4.5,26.0,8.56,50.39,9.0,13.89,,9.3,681300.3694317178
3089.0,1.0,1.4,17.0,18.65,132.28,4.0,8.4,0.0,5.8,746103.6279100346
1163.0,2.0,1.4,27.0,21.66,109.03,6.0,4.41,2.0,4.7,309060.5058448673
,5.0,3.5,46.0,9.34,77.38,7.0,10.68,1.0,6.1,780091.1747224852
4181.0,3.0,3.0,46.0,2.96,165.81,5.0,10.05,1.0,,1146916.3428497207
4478.0,3.0,2.0,3.0,14.3,23.35,11.0,14.84,3.0,8.2,1095953.5624331036
4057.0,3.0,1.3,6.0,8.96,70.52,7.0,,0.0,9.8,1092581.9790556142
4058.0,3.0,1.3,44.0,8.46,29.1,4.0,10.24,3.0,6.1,950689.1355850073
3784.0,2.0,,34.0,33.64,142.64,5.0,1.25,0.0,9.0,632069.591721336
2236.0,4.0,1.7,47.0,21.95,132.34,11.0,2.15,,7.0,647693.4712801075
4296.0,5.0,2.1,8.0,19.93,73.02,9.0,0.56,0.0,4.1,1011070.6042143556
3599.0,1.0,1.8,7.0,15.14,128.11,4.0,14.99,1.0,7.8,852190.0205631808
3752.0,4.0,2.2,44.0,15.58,83.35,,12.13,0.0,6.6,1012848.3528535261
1298.0,3.0,1.2,16.0,19.39,141.0,6.0,11.91,2.0,7.6,478947.17639004346
2760.0,4.0,2.8,16.0,24.68,92.67,11.0,7.89,0.0,9.2,783687.3751594528
601.0,5.0,1.2,48.0,24.87,85.96,4.0,4.85,2.0,6.1,204635.05685044866
1241.0,1.0,3.8,32.0,6.84,169.56,6.0,2.69,0.0,9.3,625409.357237183
2867.0,1.0,1.8,31.0,18.0,60.14,7.0,4.63,0.0,8.3,581981.2309618262
2189.0,5.0,2.9,7.0,15.01,39.27,4.0,5.95,3.0,6.4,766431.5026175359
1454.0,5.0,4.1,18.0,30.6,113.53,3.0,,3.0,7.2,419265.58790795493
2359.0,3.0,3.3,37.0,22.47,175.09,9.0,8.33,1.0,5.3,653980.8346465053
3896.0,1.0,2.9,2.0,19.11,80.45,3.0,1.62,3.0,9.9,886926.8292920293
3032.0,4.0,2.1,4.0,4.92,29.93,10.0,0.76,0.0,7.7,943353.3397501975
4074.0,2.0,2.2,12.0,21.59,74.29,5.0,1.98,3.0,3.3,796010.3643932799
2261.0,2.0,3.3,46.0,4.98,100.95,8.0,6.45,0.0,5.3,728540.5457159745
1753.0,5.0,4.5,45.0,12.47,45.91,9.0,,2.0,7.4,730066.1996395346
1676.0,3.0,3.3,30.0,5.86,125.3,,9.74,0.0,3.4,592408.3562604684
2307.0,2.0,3.0,15.0,24.53,179.64,8.0,12.13,1.0,3.2,555258.4675009013
3377.0,1.0,3.6,49.0,8.01,92.28,9.0,7.26,2.0,6.2,878369.7840155313
2295.0,5.0,,31.0,14.32,76.76,8.0,5.74,1.0,5.3,730963.876626503
2333.0,4.0,1.2,21.0,31.45,84.11,6.0,2.07,1.0,6.1,473545.6739810646
2039.0,5.0,3.0,28.0,7.95,38.42,3.0,13.2,1.0,4.8,696308.3972775777
2894.0,4.0,4.4,21.0,18.27,161.32,11.0,11.86,3.0,4.2,894104.8278739888
,5.0,1.6,42.0,15.26,,6.0,2.94,1.0,7.8,609783.9458196515
4110.0,,3.4,2.0,1.62,81.96,9.0,7.93,2.0,6.6,1301155.8337298546
802.0,5.0,,9.0,27.95,125.55,9.0,7.57,0.0,4.4,254490.57631684758
3855.0,4.0,2.9,41.0,3.35,90.73,4.0,9.56,1.0,5.2,1023995.6718507684
722.0,4.0,1.3,20.0,17.12,123.72,3.0,14.22,2.0,7.1,458515.92015350953
1000.0,5.0,2.6,15.0,20.06,29.83,10.0,8.91,,,370777.61940176773
1366.0,2.0,3.6,11.0,22.37,150.2,,8.33,0.0,4.0,412266.3446721221
893.0,3.0,2.2,1.0,24.41,170.48,9.0,,2.0,3.5,361335.26918599196
2927.0,3.0,3.3,40.0,9.61,123.8,10.0,1.41,2.0,8.7,997539.9387812094
3531.0,3.0,3.8,23.0,1.34,172.73,5.0,3.22,0.0,8.3,1157630.9207638798
4281.0,4.0,4.2,34.0,25.6,44.23,4.0,0.97,2.0,8.3,980378.4609921613
797.0,4.0,1.8,29.0,19.21,,9.0,11.28,0.0,8.0,396229.195566513
3629.0,2.0,2.4,29.0,29.43,116.29,,10.99,2.0,7.7,712861.5586568711
2530.0,3.0,1.5,46.0,28.93,113.08,3.0,2.47,2.0,6.3,449152.8290987214
4182.0,3.0,4.5,34.0,29.67,,11.0,12.62,0.0,7.5,830978.7410275969
3399.0,5.0,4.2,18.0,17.49,74.09,,2.74,0.0,,912836.6253561194
2791.0,4.0,2.9,49.0,12.34,40.29,6.0,4.87,2.0,7.4,838403.5270467822
1208.0,3.0,3.9,7.0,27.91,82.68,5.0,4.11,2.0,8.4,371131.36598386697
3872.0,2.0,,25.0,16.34,46.03,8.0,5.9,0.0,6.5,827521.5086813262
1747.0,2.0,3.2,48.0,7.24,137.5,3.0,4.19,3.0,5.5,628572.0737504928
786.0,3.0,1.3,39.0,30.07,53.41,8.0,7.59,0.0,4.9,22445.667250737464
3997.0,4.0,3.6,6.0,31.01,29.37,4.0,6.41,2.0,7.5,781171.737744934
3111.0,2.0,1.4,29.0,,108.38,11.0,14.81,2.0,7.8,818056.2544908916
4020.0,5.0,3.9,6.0,3.57,115.24,4.0,1.31,2.0,9.1,1334738.9154304308
2394.0,2.0,3.7,2.0,14.19,159.51,9.0,2.56,0.0,5.4,767940.2966452829
1259.0,1.0,3.5,0.0,28.32,112.32,,1.27,2.0,8.4,308561.45610289834
3411.0,1.0,1.1,35.0,31.66,75.28,9.0,9.57,3.0,6.9,454061.37463965756
3602.0,4.0,2.1,24.0,7.92,148.48,7.0,,1.0,9.2,1136074.9383840938
2555.0,3.0,1.9,36.0,3.28,106.44,10.0,12.63,3.0,6.7,831121.7015495264
3050.0,4.0,2.3,0.0,30.83,32.68,6.0,7.92,0.0,6.6,535387.4377971448
1969.0,4.0,1.3,14.0,14.24,110.54,9.0,8.14,2.0,7.0,704217.9180912613
2586.0,4.0,4.3,36.0,19.42,165.28,8.0,8.64,0.0,8.2,879805.3555219518
2134.0,4.0,2.9,12.0,33.91,83.41,7.0,2.98,1.0,9.8,403754.6382006499
746.0,5.0,2.1,39.0,3.26,,,3.37,0.0,3.5,438791.6774538618
,5.0,2.4,,23.04,42.96,9.0,5.12,2.0,3.4,850584.7752786285
,2.0,2.6,4.0,3.52,44.23,7.0,9.11,1.0,9.6,991713.4223150573
2334.0,1.0,3.1,8.0,13.77,89.24,7.0,3.55,1.0,6.7,702153.0692781146
2443.0,4.0,2.8,,28.33,115.31,3.0,2.19,2.0,7.3,646971.3515540923
1088.0,2.0,4.2,35.0,15.74,32.9,4.0,14.57,,6.4,319951.6672613864
3576.0,1.0,2.7,34.0,34.9,170.33,7.0,0.82,2.0,,452840.11812576046
2559.0,3.0,4.5,1.0,20.01,140.82,5.0,12.14,0.0,8.4,790014.4737742749
2263.0,5.0,4.0,39.0,11.92,113.86,4.0,11.93,3.0,8.2,869628.9466234229
,1.0,1.7,22.0,,152.55,6.0,4.81,0.0,5.2,810473.1095104204
2985.0,3.0,4.3,8.0,12.92,,6.0,2.47,0.0,5.1,813269.4358115164
,1.0,,33.0,13.67,96.29,6.0,,3.0,8.9,856382.0683733609
1240.0,,3.9,45.0,3.34,120.81,6.0,10.61,2.0,3.5,611019.3930088956
2402.0,5.0,2.3,13.0,13.57,152.58,5.0,9.82,,9.2,938485.7104340626
3120.0,2.0,4.1,3.0,16.78,145.36,9.0,11.85,3.0,4.8,855696.0378153087
2569.0,4.0,4.0,29.0,25.57,64.33,11.0,14.09,3.0,7.2,659866.0003844679
2798.0,1.0,3.8,30.0,23.33,170.54,7.0,,0.0,9.6,685318.4195447435
2038.0,1.0,3.8,37.0,25.1,39.9,6.0,2.76,1.0,7.7,347009.15513121034
3969.0,3.0,2.1,10.0,1.28,160.02,4.0,4.03,3.0,5.9,1142113.72957756
2234.0,5.0,1.3,34.0,8.4,175.35,4.0,12.71,0.0,7.8,864249.8077628624
,1.0,2.4,7.0,23.5,48.34,7.0,3.53,1.0,5.4,184954.83553112147
2387.0,5.0,1.6,2.0,17.46,135.53,9.0,1.55,2.0,4.9,812986.0188578118
2791.0,1.0,3.4,13.0,1.18,26.45,11.0,10.7,2.0,10.0,883406.9512277698
2993.0,2.0,2.2,12.0,,84.87,9.0,6.34,0.0,8.3,594929.6386752097
1223.0,4.0,4.4,44.0,27.28,102.61,7.0,13.84,0.0,7.5,386138.2796109792
1616.0,,3.2,31.0,19.65,112.9,8.0,9.93,3.0,,438204.9715080115
4243.0,5.0,3.9,33.0,3.26,169.75,,1.81,2.0,3.3,1213618.7408425643
1480.0,2.0,1.5,44.0,27.06,127.56,7.0,14.24,0.0,3.2,196510.2456287555
2649.0,1.0,,18.0,,97.0,10.0,4.25,2.0,6.9,645734.0707596277
3544.0,3.0,,37.0,,149.55,3.0,5.39,,8.3,811566.3309288642
1927.0,4.0,2.7,15.0,26.56,172.09,3.0,6.33,3.0,,529878.9043444067
2901.0,1.0,3.1,1.0,28.3,23.53,9.0,1.24,1.0,8.9,529217.080004681
4323.0,2.0,3.7,39.0,18.61,177.2,,7.7,3.0,3.2,1009515.1001990993
1052.0,3.0,1.6,16.0,5.77,33.78,7.0,2.29,0.0,5.6,492035.79137722595
3708.0,2.0,2.8,33.0,23.82,150.3,3.0,6.31,3.0,4.7,758323.1942311431
,2.0,2.4,41.0,22.1,64.85,,,3.0,6.1,421946.94346394384
3662.0,3.0,1.5,15.0,26.24,41.15,3.0,11.71,2.0,3.5,600247.275684039
2656.0,2.0,2.3,37.0,6.78,90.38,,12.15,3.0,9.7,812288.6437211544
3904.0,3.0,1.2,1.0,7.63,123.03,11.0,2.72,0.0,4.6,1091940.4135168733
3770.0,1.0,1.1,1.0,31.27,80.95,6.0,5.81,1.0,9.5,606785.7993264267
2282.0,,1.5,25.0,26.5,28.73,10.0,5.91,3.0,,501831.18994838546
3463.0,,4.4,12.0,31.88,115.91,8.0,2.7,3.0,9.9,763810.5419220526
2855.0,4.0,2.9,46.0,26.8,164.38,5.0,12.08,1.0,6.9,595725.5004628102
1754.0,3.0,4.4,30.0,21.3,81.31,6.0,,0.0,9.5,554728.0834142296
,3.0,2.5,,23.24,54.61,4.0,3.26,0.0,3.0,204832.37826520894
2799.0,1.0,2.1,38.0,31.23,90.81,3.0,5.82,3.0,8.2,399952.2682913041
2701.0,4.0,2.8,2.0,20.68,27.74,10.0,2.03,2.0,9.3,824523.697797093
3791.0,5.0,2.5,7.0,22.5,151.28,3.0,9.61,3.0,4.0,918111.1368877575
2296.0,1.0,1.4,22.0,6.32,,3.0,2.26,1.0,3.7,705974.343175389
1227.0,1.0,3.2,13.0,17.11,114.08,6.0,14.8,1.0,6.0,371689.9529209444
1186.0,5.0,1.8,26.0,25.36,76.5,8.0,11.82,1.0,9.5,467637.61772595404
2248.0,3.0,3.2,28.0,10.21,147.97,11.0,6.16,3.0,6.8,823275.6215384797
2043.0,2.0,3.3,38.0,7.88,108.75,3.0,8.89,3.0,6.7,675541.9867872542
2045.0,4.0,1.5,38.0,11.67,152.15,9.0,13.71,0.0,4.0,716388.7593443218
703.0,2.0,,0.0,9.21,121.03,7.0,8.53,2.0,3.0,392818.83003752964
853.0,5.0,3.7,16.0,8.31,145.5,10.0,3.03,3.0,8.7,786837.2828326629
3898.0,1.0,2.6,40.0,15.44,115.77,9.0,5.99,0.0,3.6,819054.1058505685
3783.0,1.0,1.2,29.0,31.87,86.26,6.0,12.73,3.0,7.4,520747.9466902249
3157.0,4.0,4.5,12.0,18.24,173.27,6.0,9.84,0.0,9.4,1061090.5159858337
2096.0,1.0,1.2,20.0,7.39,106.58,8.0,9.94,0.0,4.5,588627.7590985731
698.0,1.0,3.4,18.0,3.62,116.81,8.0,13.07,2.0,7.7,462875.01271219226
2800.0,4.0,4.4,18.0,24.67,55.28,11.0,13.46,3.0,3.6,683881.3493960823
2484.0,4.0,1.8,,14.02,120.1,7.0,13.84,0.0,7.2,781183.3110157358
3561.0,5.0,1.5,,28.94,111.46,10.0,1.88,,4.1,770124.291620678
2519.0,1.0,1.4,30.0,23.42,49.57,7.0,8.39,1.0,8.2,424424.45053030626
1477.0,1.0,2.1,16.0,,29.53,4.0,11.24,1.0,5.1,146488.3573060258
937.0,5.0,1.4,22.0,10.25,116.7,8.0,11.48,2.0,6.2,632583.5247273864
4377.0,3.0,3.4,31.0,24.54,142.19,11.0,9.3,0.0,7.2,1028508.7343713727
3469.0,3.0,1.2,9.0,9.98,103.74,5.0,2.92,2.0,,868636.530624118
3834.0,3.0,2.8,9.0,32.93,56.28,3.0,12.06,3.0,8.2,626494.1973042279
4391.0,5.0,4.5,35.0,22.64,126.64,3.0,10.94,3.0,5.1,1047277.0650985553
1556.0,1.0,3.8,7.0,12.03,32.82,5.0,1.75,0.0,7.6,520546.889457677
2304.0,5.0,3.2,19.0,10.16,90.69,7.0,7.23,,4.1,757307.2133347142
760.0,5.0,2.1,31.0,7.49,46.14,,3.02,0.0,7.8,523300.2122401838
2203.0,3.0,3.2,49.0,24.62,49.51,11.0,5.39,0.0,3.9,403318.4723805002
3448.0,2.0,2.8,13.0,8.44,52.37,10.0,0.76,0.0,6.0,900510.5643078047
997.0,1.0,2.5,49.0,21.24,,5.0,6.3,2.0,4.7,180777.5837106922
1900.0,3.0,1.5,27.0,10.0,28.18,11.0,8.47,3.0,8.2,708329.7965049102
1415.0,2.0,4.1,45.0,23.51,83.65,8.0,9.48,0.0,4.8,309804.5666088008
2127.0,2.0,2.6,,28.71,101.87,9.0,10.12,0.0,9.2,450649.5592382502
2519.0,4.0,1.7,14.0,,97.33,6.0,12.63,0.0,9.2,610639.5430954717
2015.0,1.0,2.3,21.0,26.87,81.25,6.0,3.62,2.0,,328756.02039811463
1758.0,2.0,2.4,29.0,7.38,154.26,4.0,2.25,2.0,7.3,666387.722971514
1818.0,3.0,,3.0,4.01,43.25,7.0,12.85,2.0,3.6,669549.1040382677
1000.0,4.0,3.6,12.0,24.76,100.91,10.0,2.77,0.0,5.7,405910.4458160585
1239.0,1.0,3.7,22.0,13.52,29.93,9.0,14.63,1.0,8.0,414899.98463847616
3704.0,5.0,1.0,7.0,15.7,31.38,9.0,12.72,1.0,7.6,983816.7789855519
3335.0,3.0,2.5,17.0,2.06,111.82,8.0,,1.0,7.4,1019695.1752211745
1059.0,,2.7,11.0,,110.56,5.0,14.73,3.0,5.0,492643.4851543856
1554.0,,1.1,,2.14,160.49,7.0,1.91,0.0,5.6,630291.7540286375
,3.0,1.9,13.0,30.89,109.26,3.0,4.89,1.0,3.7,127730.71427771353
4046.0,2.0,3.7,,9.28,173.57,9.0,9.75,,8.0,1121392.0494483113
1645.0,4.0,1.5,17.0,19.95,27.79,11.0,5.58,1.0,6.5,562117.4079631374
3397.0,1.0,2.9,33.0,2.33,35.68,3.0,13.96,0.0,,796146.3106460545
2293.0,4.0,1.8,10.0,23.67,27.05,4.0,1.45,,4.7,496267.4361918645
2685.0,2.0,,40.0,11.98,49.64,5.0,8.47,1.0,5.3,619128.157653132
2877.0,5.0,1.8,11.0,31.53,106.6,5.0,9.07,0.0,5.3,593234.6218665321
4036.0,1.0,,48.0,31.2,123.29,,9.96,3.0,3.2,651038.9741223103
1162.0,1.0,3.8,14.0,12.06,27.29,9.0,4.21,2.0,5.4,417507.44513560866
3085.0,3.0,4.4,30.0,31.63,171.36,8.0,5.79,1.0,8.6,694592.6220779166
2399.0,3.0,2.7,48.0,34.87,154.75,6.0,12.73,2.0,9.3,389299.8907784454
3954.0,5.0,1.4,,29.06,67.46,11.0,3.33,3.0,6.6,852855.2446625378
2674.0,1.0,2.9,25.0,29.73,32.35,,12.49,3.0,6.2,397484.8286441942
825.0,5.0,2.6,,9.47,47.18,,8.66,1.0,3.2,437578.28326377727
3948.0,3.0,4.0,31.0,20.61,40.31,6.0,11.55,0.0,9.2,923355.7136031645
1397.0,3.0,1.3,21.0,3.29,39.73,,10.85,3.0,3.1,467118.2168122697
4280.0,1.0,2.7,,4.23,102.97,3.0,3.51,2.0,9.6,1112079.439858824
2931.0,4.0,1.5,16.0,34.96,59.34,7.0,8.75,2.0,6.4,479242.11893494945
,2.0,2.1,22.0,12.11,77.3,9.0,13.08,2.0,5.4,894351.2645356753
1559.0,3.0,3.6,23.0,26.44,178.32,4.0,6.77,2.0,9.5,541928.5277915595
2104.0,3.0,2.7,49.0,28.43,129.49,7.0,14.52,3.0,3.2,368047.5534540295
1052.0,4.0,2.3,7.0,30.17,171.84,8.0,7.06,1.0,7.1,368547.92508111557
3667.0,4.0,2.4,40.0,34.92,42.81,,2.57,1.0,6.8,548009.5232134373
1415.0,5.0,2.6,5.0,9.21,81.14,3.0,6.15,2.0,4.5,600506.7489805315
1258.0,5.0,3.7,4.0,2.37,108.76,9.0,14.3,1.0,6.0,712071.8255418565
4187.0,2.0,4.1,43.0,14.98,32.28,6.0,5.14,2.0,7.6,978829.67386687
1146.0,2.0,4.3,28.0,5.42,20.67,10.0,13.09,2.0,,502157.5979319829
,1.0,3.8,27.0,1.76,127.27,6.0,13.28,0.0,3.0,589533.3682971878
,5.0,2.1,10.0,13.25,122.69,8.0,5.58,3.0,,1216724.9666199505
4183.0,3.0,3.4,0.0,,85.73,11.0,1.71,3.0,4.2,900926.8473230508
616.0,5.0,2.5,42.0,20.25,98.34,7.0,11.01,2.0,4.6,325742.312674477
3843.0,3.0,1.9,18.0,11.63,86.47,6.0,5.02,3.0,4.8,1007498.4225534848
1843.0,4.0,3.9,8.0,23.25,23.84,10.0,11.85,1.0,3.3,477659.04756360454
,,1.1,26.0,8.89,73.66,11.0,6.92,2.0,3.9,826742.0771832257
3124.0,4.0,4.2,33.0,1.49,48.33,6.0,7.54,0.0,9.9,1073336.992987132
,2.0,2.6,43.0,26.99,35.75,5.0,,1.0,5.2,212288.22036146163
4044.0,2.0,3.2,3.0,22.21,173.08,10.0,6.04,0.0,3.8,927248.095946852
3165.0,1.0,3.3,,26.92,115.9,7.0,6.93,0.0,3.7,538134.1864896668
2746.0,5.0,4.1,,2.32,136.59,4.0,5.95,3.0,8.0,1094886.6245710333
2368.0,4.0,3.2,14.0,,70.46,11.0,5.83,3.0,9.0,609845.9363490591
1660.0,3.0,3.1,12.0,22.06,82.9,5.0,8.13,2.0,4.8,431339.7824909688
2927.0,,1.2,18.0,20.16,57.91,4.0,12.23,3.0,,548733.1600926332
,2.0,2.8,48.0,22.24,35.51,3.0,5.75,0.0,4.6,715776.8162426004
3144.0,,1.5,5.0,30.39,48.65,10.0,8.1,0.0,3.4,479076.4472445739
901.0,4.0,3.6,47.0,20.96,,5.0,10.23,1.0,3.7,373668.35934998904
780.0,4.0,2.8,11.0,20.75,128.41,9.0,4.41,0.0,6.0,439938.32343008154
1206.0,5.0,3.4,,34.68,107.51,3.0,4.52,2.0,4.6,166472.32643959404
3770.0,5.0,1.1,16.0,26.73,96.01,3.0,14.03,2.0,6.6,826389.9843708572
1299.0,1.0,1.3,22.0,16.04,167.59,11.0,10.99,3.0,4.8,504050.70281281706
1592.0,2.0,3.5,25.0,25.05,31.64,10.0,8.87,3.0,9.6,446119.70066729723
1739.0,5.0,1.3,28.0,14.23,64.9,5.0,9.89,3.0,9.3,753441.0073178554
790.0,4.0,1.2,32.0,8.78,75.99,8.0,0.92,2.0,,543052.6507435327
2900.0,3.0,1.0,26.0,,145.19,5.0,9.46,0.0,5.5,726955.9805523038
1580.0,4.0,4.3,24.0,32.56,,6.0,7.89,3.0,5.7,405733.2801560893
3575.0,2.0,3.6,9.0,32.59,58.51,,8.41,1.0,5.9,531437.5197580517
2606.0,4.0,2.2,46.0,12.62,159.89,7.0,5.71,3.0,8.1,967810.3604275762
1784.0,1.0,2.0,22.0,18.94,152.9,3.0,1.68,2.0,6.2,420087.2585875131
3927.0,2.0,2.2,20.0,8.2,55.95,3.0,3.3,3.0,9.0,1004444.9077188921
3994.0,,3.7,20.0,34.85,83.89,9.0,14.29,0.0,9.6,723121.7987687499
,1.0,3.3,42.0,34.36,85.55,8.0,6.43,3.0,5.4,-24237.85824695791
2665.0,2.0,1.6,12.0,23.08,176.52,4.0,7.27,,6.9,718587.5827458908
2416.0,3.0,1.6,36.0,,48.94,4.0,1.26,2.0,3.7,362595.8237982855
2358.0,,1.3,32.0,25.31,147.87,9.0,1.04,1.0,4.4,453381.3274002951
3213.0,1.0,3.3,23.0,21.17,73.47,3.0,10.9,2.0,,634270.6168681451
1169.0,2.0,3.7,43.0,2.81,136.94,4.0,8.3,1.0,4.4,536556.5674865312
1946.0,5.0,1.9,10.0,16.46,87.2,10.0,,0.0,9.1,831267.933638783
2495.0,1.0,1.1,,23.94,112.54,8.0,4.03,2.0,4.1,530881.6405971373
3333.0,1.0,1.3,3.0,24.04,153.22,4.0,11.3,3.0,6.2,682399.7065391582
4463.0,3.0,4.4,46.0,13.69,148.67,9.0,2.94,0.0,7.2,1199661.3527019448
1225.0,4.0,2.0,,33.02,158.63,6.0,3.25,3.0,7.8,297101.32989492826
3959.0,2.0,3.7,29.0,6.69,29.54,4.0,7.18,3.0,5.7,959208.0815248614
3501.0,2.0,3.2,8.0,18.01,130.73,,4.65,3.0,9.1,988853.2503509292
2286.0,5.0,2.3,20.0,24.49,,11.0,4.09,0.0,7.0,673377.6366582918
,5.0,1.7,19.0,24.7,86.53,11.0,9.86,0.0,6.1,839076.7812032547
4310.0,2.0,1.4,18.0,23.05,107.77,10.0,9.94,2.0,3.5,867281.6753032838
754.0,5.0,3.2,18.0,10.36,84.44,5.0,,3.0,6.3,555522.2163380197
3137.0,,3.7,11.0,6.31,103.14,5.0,6.56,1.0,,1029704.7680238002
2009.0,2.0,3.3,36.0,22.62,179.44,4.0,1.56,2.0,7.3,564783.1006560886
1384.0,,2.9,41.0,21.38,,7.0,4.47,0.0,8.8,488949.8183535114
3775.0,2.0,1.1,16.0,7.1,128.07,6.0,14.71,1.0,6.5,1000033.5271528001
4064.0,4.0,4.4,36.0,24.97,83.36,9.0,9.15,0.0,3.8,847603.3356935816
4482.0,1.0,3.8,47.0,16.48,41.28,6.0,10.79,1.0,3.1,871068.5919627986
845.0,2.0,2.0,38.0,23.7,45.4,11.0,0.61,2.0,5.1,221716.90829229602
3847.0,1.0,4.4,27.0,29.47,171.88,4.0,8.01,1.0,7.9,737858.5172138156
3710.0,5.0,3.1,40.0,6.77,160.74,8.0,1.04,2.0,8.5,1274259.98796881
2100.0,,3.0,34.0,1.65,,9.0,8.75,0.0,5.1,675066.9458688451
2305.0,2.0,3.6,46.0,27.49,178.65,6.0,13.85,1.0,6.5,506975.3856759124
3406.0,4.0,3.8,47.0,21.73,53.33,8.0,14.54,3.0,5.9,753905.0887812217
1137.0,5.0,3.3,17.0,24.79,,9.0,8.34,3.0,5.9,468341.0851295251
2490.0,2.0,1.4,13.0,29.5,127.08,6.0,7.14,0.0,4.6,431729.0335527645
2441.0,5.0,,34.0,28.3,97.41,10.0,14.2,1.0,4.0,473033.87364686956
1520.0,3.0,4.2,43.0,33.67,86.94,11.0,10.27,3.0,4.4,216907.36576453864
3055.0,1.0,1.8,40.0,19.22,77.25,3.0,1.44,2.0,3.4,614937.533615361
1124.0,3.0,2.3,6.0,17.61,115.0,9.0,7.25,1.0,4.4,445826.6251307117
3475.0,2.0,2.5,40.0,14.66,112.09,11.0,3.98,1.0,3.1,860088.5835177157
2129.0,4.0,2.5,12.0,6.23,45.83,7.0,7.31,3.0,7.4,733919.3277968579
,5.0,3.1,17.0,20.47,95.48,4.0,7.1,2.0,5.2,938052.6254560853
4496.0,1.0,4.3,,10.42,108.56,8.0,8.94,2.0,9.8,1132811.3262073293
635.0,5.0,1.8,12.0,32.32,111.25,9.0,5.67,2.0,4.4,145531.47395909918
1284.0,2.0,1.4,35.0,20.83,53.62,4.0,2.88,1.0,5.4,303812.6511626121
619.0,5.0,1.7,30.0,,138.76,4.0,7.8,0.0,5.5,396483.0293080994
2968.0,1.0,4.1,1.0,13.07,24.03,3.0,12.54,1.0,3.1,678339.3163938499
4447.0,2.0,3.3,15.0,2.77,76.77,6.0,10.13,1.0,,1209659.9692112224
3159.0,5.0,2.0,8.0,2.08,144.83,9.0,5.41,3.0,3.2,1000324.3679018256
999.0,,3.9,8.0,15.39,110.22,11.0,14.07,0.0,9.6,664527.4559608516
3301.0,2.0,4.0,37.0,3.88,61.79,5.0,13.73,2.0,9.2,929395.3126936432
1571.0,2.0,4.0,10.0,21.63,131.19,9.0,3.54,3.0,6.7,526560.6279970921
2506.0,4.0,4.2,21.0,30.95,110.78,9.0,1.07,1.0,6.8,537129.289668429
3118.0,3.0,1.9,32.0,31.02,147.4,9.0,11.25,,7.6,614370.3650850665
1766.0,1.0,3.6,35.0,23.41,137.6,4.0,12.5,2.0,5.7,416101.1976754132
1715.0,3.0,2.6,44.0,8.18,117.62,8.0,14.53,2.0,7.5,710443.3471498311
4025.0,5.0,3.9,22.0,30.34,,4.0,,,3.3,768281.8103158758
1433.0,4.0,3.5,44.0,31.13,41.31,8.0,9.21,2.0,3.4,163884.14515854078
2423.0,3.0,3.7,44.0,7.69,61.81,,8.19,2.0,6.2,781167.0668178032
3374.0,2.0,3.3,33.0,26.07,87.06,4.0,0.9,0.0,6.8,686371.7307377962
2582.0,5.0,1.6,8.0,10.74,115.89,,4.08,,9.2,1009381.7427286824
1453.0,5.0,2.9,23.0,28.29,102.19,4.0,7.16,0.0,3.7,318965.939727793
650.0,3.0,4.4,7.0,34.91,66.11,7.0,9.61,3.0,8.8,87023.64732376153
4336.0,3.0,4.3,6.0,2.02,21.03,4.0,8.58,3.0,4.5,1149171.0307063332
4369.0,4.0,1.2,35.0,31.51,99.4,5.0,11.27,3.0,,719851.6087657765
1174.0,1.0,1.6,17.0,22.17,65.7,,4.56,2.0,5.2,254878.82594909423
3861.0,3.0,1.5,2.0,34.1,137.54,8.0,8.69,0.0,5.8,623187.380112107
1748.0,3.0,3.5,27.0,16.81,23.83,8.0,1.78,2.0,4.1,479960.87707108725
,2.0,3.9,5.0,29.81,113.57,5.0,6.5,1.0,6.5,490491.5061209649
2961.0,,1.7,43.0,3.12,170.64,5.0,11.38,,8.6,1057443.3196157252
3217.0,1.0,2.8,43.0,12.4,,3.0,10.55,3.0,6.1,684473.6084700524
4013.0,2.0,3.9,20.0,3.28,95.46,9.0,14.86,2.0,6.4,1095544.6088668453
2952.0,4.0,3.6,27.0,34.16,34.63,10.0,4.53,2.0,8.9,601870.1876450157
2315.0,4.0,2.9,39.0,28.78,120.11,4.0,7.72,0.0,7.9,531728.1315359721
1281.0,3.0,3.1,0.0,29.99,108.09,6.0,5.28,0.0,6.4,339629.59197211626
1437.0,3.0,2.8,35.0,32.89,85.18,9.0,6.89,3.0,4.8,167422.90819804618
4454.0,4.0,2.0,20.0,,103.42,10.0,12.93,3.0,9.2,1286727.8167400162
,3.0,3.0,42.0,14.11,163.45,3.0,10.42,1.0,7.0,594927.5602292931
3650.0,1.0,3.4,,3.42,,6.0,13.3,3.0,,882831.5840311174
3091.0,3.0,4.1,12.0,8.17,23.61,8.0,3.45,2.0,4.9,951987.9164081076
3260.0,5.0,3.2,48.0,8.8,157.87,5.0,13.16,1.0,8.6,1061793.546161214
3640.0,,3.7,9.0,16.95,112.34,7.0,1.37,1.0,3.3,936516.4469540606
2911.0,2.0,1.6,,10.13,162.51,11.0,13.38,1.0,9.9,878331.0604139867
3724.0,1.0,2.6,46.0,4.43,115.51,5.0,5.27,0.0,3.9,890355.231363726
2195.0,2.0,1.0,9.0,6.69,149.63,7.0,5.06,3.0,8.6,766050.1375933415
3651.0,2.0,1.9,45.0,6.01,88.75,10.0,7.93,1.0,5.8,961027.3701159885
4291.0,5.0,3.5,12.0,34.08,139.98,8.0,14.14,0.0,6.4,842781.8218911219
604.0,1.0,4.5,36.0,,166.09,6.0,1.19,0.0,9.2,249739.47100735412
1726.0,1.0,1.3,37.0,33.9,111.54,10.0,5.61,1.0,5.9,136006.3159908141
1819.0,1.0,2.4,23.0,15.95,48.93,5.0,12.92,1.0,6.8,389041.1569855781
1373.0,1.0,3.8,1.0,10.46,,5.0,6.24,2.0,3.3,500140.78683438036
,1.0,1.7,21.0,28.14,51.78,6.0,3.39,1.0,3.0,90928.80283225799
,5.0,2.9,16.0,12.09,59.5,11.0,6.66,2.0,4.7,621547.5671420898
3531.0,3.0,3.6,35.0,11.18,,7.0,6.09,1.0,7.8,952894.6124117092
4021.0,2.0,3.2,,8.91,108.82,10.0,13.77,1.0,3.8,1003946.3030661916
646.0,1.0,1.7,9.0,5.41,114.08,8.0,11.55,3.0,3.8,427866.958874537
3514.0,3.0,2.2,34.0,9.72,88.24,5.0,7.82,1.0,5.9,913674.873271241
,3.0,3.7,24.0,13.08,118.47,10.0,14.83,1.0,7.5,1032138.0057993665
3583.0,2.0,2.9,2.0,23.92,33.05,11.0,7.25,2.0,8.0,767815.3913703512
4491.0,5.0,1.0,46.0,3.13,34.05,10.0,1.34,2.0,4.2,1151857.780440266
3303.0,4.0,3.7,37.0,8.16,47.49,6.0,4.3,3.0,3.6,918042.7449228052
868.0,,1.1,16.0,28.51,102.89,8.0,6.82,1.0,9.6,342644.9017869262
969.0,3.0,3.6,11.0,6.0,54.24,3.0,2.78,1.0,4.8,478110.930054604
1235.0,2.0,,23.0,12.65,65.33,6.0,14.24,2.0,9.0,456867.6311553776
1729.0,4.0,,28.0,30.4,84.05,10.0,11.62,0.0,9.0,451416.577133354
2293.0,3.0,2.3,42.0,6.27,149.9,3.0,4.39,0.0,8.4,764915.0429775799
2282.0,5.0,2.1,24.0,3.81,22.22,5.0,9.07,0.0,4.2,711045.9312782926
1256.0,,1.5,35.0,17.47,123.9,3.0,10.96,2.0,8.8,533243.2416630931
719.0,3.0,2.1,,11.28,127.02,11.0,14.15,2.0,8.4,545480.1367669387
1430.0,3.0,4.1,,20.16,147.78,4.0,13.28,0.0,7.2,506762.24277649174
2410.0,1.0,4.5,0.0,28.33,169.24,11.0,7.97,0.0,5.4,573578.5515863298
4275.0,5.0,2.3,19.0,5.66,23.22,6.0,11.73,1.0,4.8,1103217.8862552142
1681.0,1.0,2.6,27.0,20.74,44.61,4.0,8.65,2.0,3.9,303502.58400949347
2574.0,2.0,,15.0,18.19,161.79,6.0,8.51,2.0,6.6,750502.1776941445
1969.0,1.0,4.1,46.0,5.9,93.36,8.0,2.16,,7.1,666150.8354369291
1340.0,1.0,3.1,16.0,22.22,110.33,9.0,2.33,0.0,5.5,318766.80880527385
4145.0,4.0,2.4,39.0,,126.08,5.0,8.18,3.0,6.3,1112631.00240456
716.0,3.0,2.4,27.0,17.59,128.65,5.0,4.4,2.0,5.5,365083.4364428662
2453.0,5.0,3.4,11.0,3.8,169.08,10.0,0.81,3.0,7.5,1106501.0132069376
3438.0,1.0,1.0,26.0,16.63,179.51,7.0,10.98,1.0,9.3,861973.5461522988
1750.0,5.0,3.2,41.0,11.42,135.23,6.0,0.97,3.0,4.1,720047.8906958724
4064.0,1.0,2.2,46.0,28.96,65.96,9.0,9.13,0.0,5.7,550313.2284618019
2531.0,2.0,3.8,29.0,2.94,160.76,9.0,8.32,2.0,4.0,810240.8748352054
1612.0,1.0,1.3,40.0,15.23,,11.0,14.55,2.0,,393710.16762357194
2264.0,4.0,3.1,33.0,16.59,56.97,11.0,7.52,3.0,8.1,756647.3148560382
1681.0,3.0,2.7,36.0,25.65,163.58,7.0,1.42,3.0,9.5,556611.7708859
1233.0,2.0,3.2,5.0,20.53,60.99,10.0,8.5,1.0,5.0,368846.5352741131
1112.0,1.0,1.2,6.0,23.69,55.3,3.0,12.7,1.0,9.7,245131.9748137259
4422.0,5.0,3.0,31.0,,42.1,11.0,14.95,0.0,3.4,775799.0316388368
3449.0,2.0,,31.0,30.31,157.46,10.0,,0.0,7.2,675748.4898032454
1719.0,2.0,3.0,24.0,11.67,100.01,8.0,5.14,0.0,3.4,572093.4695690869
4309.0,1.0,3.1,32.0,19.29,127.98,5.0,,3.0,9.3,975730.53867396
1741.0,2.0,3.4,6.0,29.56,58.25,5.0,3.27,3.0,6.7,338752.53091502964
1159.0,5.0,,11.0,34.64,141.29,10.0,9.42,2.0,7.7,377727.6869247734
4272.0,2.0,1.9,15.0,31.24,141.6,7.0,6.38,0.0,8.8,764928.0925948195
1087.0,5.0,3.9,15.0,13.63,70.02,9.0,1.1,3.0,4.1,555882.714610576
3908.0,,2.7,42.0,7.64,85.71,7.0,5.54,2.0,3.3,863871.6851426332
1496.0,3.0,1.3,35.0,17.64,53.55,10.0,4.35,0.0,9.2,502812.1393980076
3943.0,2.0,1.2,,26.22,176.25,6.0,10.45,1.0,5.2,767952.9406361287
1812.0,3.0,2.2,6.0,17.75,123.3,4.0,14.26,,3.9,552825.5955014285
1303.0,5.0,3.7,35.0,17.43,169.53,5.0,4.39,3.0,6.3,656689.7993812216
2070.0,2.0,3.5,46.0,29.5,,10.0,12.27,2.0,7.2,331308.63006931107
1180.0,4.0,3.8,8.0,13.29,145.1,9.0,1.3,1.0,3.2,571097.0646509726
3437.0,3.0,2.8,31.0,30.23,142.54,4.0,8.3,2.0,4.9,676721.1808795949
3508.0,2.0,2.5,10.0,14.83,130.66,8.0,1.52,2.0,3.2,894253.3180852105
2894.0,3.0,1.5,7.0,12.16,174.5,11.0,,1.0,5.9,886629.0569581514
3747.0,2.0,2.1,32.0,16.44,82.97,6.0,11.61,2.0,9.3,900664.8853293005
753.0,1.0,2.5,22.0,26.92,40.91,11.0,10.04,1.0,9.9,187105.49403912673
2279.0,3.0,1.3,24.0,5.28,127.47,,12.45,3.0,7.5,777427.4515575112
,4.0,1.8,7.0,7.68,136.69,4.0,9.89,0.0,4.1,1104953.3162762048
1596.0,4.0,3.1,44.0,33.35,112.01,11.0,14.55,0.0,9.3,378720.85917325807
3757.0,5.0,3.6,21.0,6.97,53.09,9.0,10.85,3.0,6.6,1098947.8134387522
3344.0,2.0,4.5,3.0,20.3,100.71,9.0,13.91,1.0,4.1,782342.9245732615
3956.0,3.0,4.3,39.0,20.7,69.95,3.0,8.0,1.0,9.5,968765.4147439717
1843.0,5.0,3.2,2.0,17.65,88.39,8.0,2.2,1.0,8.3,761916.4887574373
1692.0,3.0,2.5,28.0,22.92,123.23,9.0,8.16,1.0,8.1,542203.3379416821
3718.0,2.0,3.2,40.0,8.81,139.23,8.0,2.34,3.0,8.0,1043020.6778818797
1608.0,4.0,3.7,,19.79,57.16,8.0,9.09,0.0,,470688.5523722018
2741.0,1.0,1.4,33.0,13.65,84.85,4.0,7.5,2.0,4.5,604090.7260748224
2373.0,4.0,2.4,33.0,23.5,63.07,8.0,9.53,2.0,7.8,643650.7207773959
1557.0,5.0,3.9,27.0,5.8,51.78,6.0,0.65,0.0,,674193.8665899899
3659.0,1.0,2.3,12.0,20.41,145.34,11.0,3.33,,6.1,877535.4753402756
1052.0,5.0,,14.0,7.3,165.48,3.0,7.62,2.0,8.5,827140.4815064709
1827.0,2.0,3.1,22.0,10.47,79.24,10.0,14.28,0.0,8.5,684639.1891130016
3559.0,1.0,1.6,43.0,8.44,140.2,7.0,6.06,3.0,6.2,859803.1467011555
,,2.3,25.0,7.22,163.52,3.0,6.65,2.0,8.5,1052134.9415445363
3121.0,2.0,2.2,3.0,,155.38,6.0,10.86,1.0,8.9,710188.9864801748
3079.0,4.0,1.1,25.0,10.71,49.25,3.0,9.25,1.0,,836948.0178477989
2988.0,2.0,1.1,39.0,32.52,173.01,8.0,4.83,3.0,4.6,524271.9318068784
1150.0,3.0,3.9,8.0,33.98,80.27,4.0,6.46,1.0,4.9,104304.52712829362
2235.0,,2.0,4.0,20.42,74.28,7.0,3.66,3.0,5.2,554427.249111336
1912.0,2.0,2.8,,5.86,29.99,9.0,14.51,0.0,3.8,570606.2601383952
3925.0,3.0,2.0,19.0,13.73,97.79,4.0,2.39,0.0,4.9,947735.3899998041
2357.0,5.0,4.3,49.0,28.12,37.44,8.0,5.89,2.0,4.5,510373.90772435715
956.0,5.0,1.9,10.0,13.49,59.77,8.0,0.87,3.0,6.2,607971.3915226909
2670.0,2.0,2.5,14.0,3.96,70.71,7.0,3.72,2.0,9.4,879415.3968493942
2385.0,3.0,4.1,31.0,19.93,149.41,7.0,11.82,2.0,3.7,664492.9116787425
3169.0,3.0,3.9,27.0,29.73,160.08,5.0,,0.0,8.0,738487.2944579399
2381.0,4.0,1.7,21.0,28.06,68.39,4.0,1.66,2.0,7.8,553695.9643118776
3771.0,5.0,3.8,40.0,6.95,157.39,9.0,7.38,1.0,3.7,1111553.852537566
3449.0,1.0,2.6,16.0,23.87,157.16,3.0,0.64,2.0,9.5,817648.3998511004
,5.0,2.7,25.0,8.5,,,1.73,3.0,7.0,1248574.0928162546
3894.0,5.0,1.5,43.0,8.42,,8.0,12.21,1.0,5.5,1013996.7893182535
3409.0,4.0,1.3,6.0,30.72,130.45,5.0,11.69,0.0,8.3,651113.4396003513
4330.0,1.0,3.5,41.0,,171.2,4.0,13.77,3.0,4.8,1024024.7889983833
3089.0,4.0,2.7,25.0,,129.21,4.0,12.89,1.0,7.9,1015986.6265749984
2231.0,1.0,2.5,24.0,1.02,73.06,11.0,10.41,3.0,3.3,720298.1517142613
3416.0,2.0,3.6,,30.6,100.09,7.0,1.26,1.0,8.9,672040.137558331
1615.0,1.0,3.7,44.0,27.95,123.32,,11.85,3.0,6.1,261370.14397561282
1948.0,4.0,1.6,18.0,22.33,101.69,7.0,12.76,3.0,7.5,567607.4242187348
1115.0,5.0,3.1,,26.51,39.19,9.0,12.09,1.0,4.5,273806.4045737605
3687.0,1.0,1.5,12.0,6.17,69.93,6.0,7.87,0.0,7.7,856854.013037156
3439.0,1.0,3.6,7.0,16.58,148.38,10.0,3.88,0.0,8.4,970015.7200384226
935.0,3.0,3.3,39.0,12.94,157.83,9.0,12.76,3.0,6.3,597688.8010853617
2382.0,5.0,4.3,3.0,4.19,41.97,7.0,11.04,3.0,7.3,919322.2950208607
2905.0,2.0,1.2,46.0,17.53,172.38,8.0,14.72,0.0,6.2,715756.8959775601
1096.0,4.0,1.2,30.0,32.31,,7.0,2.76,0.0,9.3,190169.47924170486
1495.0,2.0,2.0,27.0,2.36,125.97,9.0,3.77,2.0,6.5,646984.2142124978
2807.0,5.0,1.9,10.0,10.91,140.29,4.0,3.57,0.0,,1059369.9508192274
4146.0,1.0,1.9,42.0,8.06,149.91,7.0,11.99,,8.6,1074801.5560100754
1451.0,1.0,4.2,0.0,9.1,171.32,5.0,3.21,1.0,5.9,652490.6501524322
2287.0,5.0,1.9,48.0,31.89,70.07,11.0,1.47,0.0,4.6,387970.7271034283
2531.0,1.0,2.0,46.0,16.91,157.36,8.0,14.98,2.0,5.8,659973.4323149092
3337.0,1.0,,37.0,,41.07,5.0,,2.0,8.8,777161.8771995833
4346.0,1.0,2.6,23.0,26.86,132.81,9.0,12.61,2.0,4.6,812789.345272893
3027.0,4.0,3.7,46.0,6.25,138.72,6.0,5.8,1.0,6.7,992628.3324800053
,4.0,1.2,30.0,17.57,128.44,,12.7,0.0,8.6,704353.1118478667
1556.0,3.0,2.7,40.0,15.62,,10.0,8.54,0.0,5.5,504757.06648673315
3338.0,2.0,1.1,45.0,21.29,159.69,6.0,13.57,0.0,7.5,718823.9075331435
,5.0,1.2,49.0,34.98,47.02,3.0,13.93,1.0,4.7,512866.8507168183
2236.0,5.0,4.2,25.0,27.16,28.58,8.0,0.63,1.0,3.8,472497.36143174017
1891.0,5.0,1.5,48.0,14.53,134.79,3.0,1.59,3.0,8.6,747678.7454201602
,3.0,2.9,49.0,29.14,96.08,7.0,4.13,2.0,3.7,737943.2506713737
2040.0,,2.4,4.0,6.8,155.86,9.0,,2.0,4.9,818883.3015251105
1791.0,3.0,2.2,19.0,2.04,81.34,8.0,13.38,0.0,,711151.211549936
1666.0,5.0,4.1,,7.95,46.92,,7.17,1.0,5.4,648375.2214716208
4227.0,2.0,1.1,10.0,12.57,153.83,6.0,9.3,1.0,9.8,1109584.298587908
884.0,1.0,3.3,32.0,18.36,107.83,4.0,3.23,0.0,9.9,371583.54801935767
3044.0,4.0,4.4,49.0,21.91,50.27,3.0,12.17,0.0,4.9,659850.2620131637
611.0,4.0,3.0,37.0,31.96,135.26,5.0,14.53,3.0,3.3,69262.76981398075
2230.0,3.0,4.3,26.0,18.34,101.78,5.0,4.39,2.0,7.9,687709.9661821658
3973.0,4.0,1.2,33.0,18.04,116.69,9.0,7.67,2.0,6.2,993270.4656402324
,5.0,2.5,14.0,2.71,93.74,3.0,1.75,2.0,3.7,1133876.9401552342
3146.0,5.0,,,2.19,152.59,11.0,8.61,3.0,,1185733.3523277245
1353.0,3.0,3.6,20.0,19.74,152.73,8.0,7.79,0.0,3.2,495370.14274185844
2682.0,5.0,4.4,45.0,15.9,133.5,6.0,2.59,0.0,9.1,992313.1175904961
3374.0,2.0,1.9,4.0,29.53,36.86,5.0,6.91,2.0,4.0,516019.75702912087
3496.0,3.0,3.3,5.0,6.46,,5.0,5.34,2.0,3.9,1041909.4493270749
689.0,2.0,1.7,37.0,1.85,127.36,4.0,8.07,3.0,4.2,421588.0039821193
1375.0,1.0,3.0,21.0,16.27,131.52,4.0,8.99,1.0,,466260.7123736871
3252.0,2.0,2.6,17.0,9.07,78.08,7.0,0.62,1.0,7.9,914650.4025253878
3617.0,1.0,4.4,13.0,2.69,160.68,11.0,11.53,2.0,8.6,1107317.5974276466
2225.0,1.0,3.1,9.0,25.64,136.06,4.0,10.84,3.0,5.8,482964.11445790133
3669.0,2.0,2.2,45.0,4.79,38.01,4.0,5.81,2.0,5.4,878002.9005911289
1017.0,3.0,1.4,12.0,21.68,85.24,8.0,1.27,1.0,4.6,383494.7088593104
714.0,5.0,1.5,30.0,10.56,161.82,4.0,11.45,,,529292.5820135522
1216.0,5.0,1.8,29.0,6.9,27.55,6.0,14.35,1.0,6.9,597805.5723342674
3867.0,1.0,1.9,2.0,13.91,173.83,8.0,3.98,1.0,7.4,1003985.3776690237
1425.0,1.0,4.0,29.0,28.25,128.67,7.0,5.19,1.0,4.8,262797.24142816354
4172.0,3.0,3.0,5.0,14.33,121.02,3.0,3.17,0.0,9.6,1112184.57420223
2249.0,,2.8,28.0,26.53,63.29,8.0,8.87,0.0,4.2,482628.1366962171
2116.0,2.0,1.4,7.0,5.27,59.81,3.0,2.75,2.0,9.8,725140.6851980289
3746.0,1.0,4.0,43.0,27.27,170.73,5.0,5.66,1.0,3.1,709671.9076600923
1012.0,5.0,3.5,44.0,9.06,67.72,7.0,10.61,,6.4,577775.2372804742
4047.0,3.0,1.2,42.0,24.03,144.08,7.0,8.62,2.0,5.3,838932.9877689944
4091.0,2.0,3.5,43.0,20.24,82.9,,6.1,2.0,6.1,896294.8455013887
1328.0,3.0,,32.0,32.59,42.28,,6.59,2.0,7.0,200457.26001139093
3948.0,2.0,1.3,16.0,14.17,21.71,7.0,8.65,2.0,6.0,820861.2812370065
,2.0,2.6,47.0,,107.08,3.0,0.59,2.0,5.9,985042.2600493864
3408.0,1.0,2.7,10.0,1.65,176.12,7.0,1.64,3.0,8.1,1105746.1623270768
1275.0,3.0,1.6,,29.11,79.06,5.0,13.28,1.0,7.8,259285.52554883694
4065.0,,4.3,49.0,18.84,77.15,6.0,1.63,2.0,8.8,1008430.7377698056
2492.0,,4.0,10.0,27.36,75.05,10.0,10.75,3.0,4.7,626569.9095930182
3104.0,5.0,3.3,30.0,8.97,103.29,9.0,13.84,1.0,7.3,1055058.766013354
3567.0,1.0,2.6,27.0,,90.51,7.0,4.42,0.0,7.1,847796.120752122
,1.0,2.4,43.0,2.02,160.79,4.0,5.87,2.0,5.6,836390.6405984794
3386.0,4.0,3.3,5.0,33.69,100.88,8.0,8.75,3.0,6.4,647342.822011744
4360.0,5.0,2.9,40.0,23.71,101.24,8.0,13.28,0.0,5.2,1013004.2956656085
1722.0,2.0,1.2,15.0,32.73,42.14,8.0,14.16,3.0,4.0,164490.8676605548
2171.0,3.0,2.8,3.0,10.03,177.24,11.0,11.22,1.0,4.5,802164.1419164765
1577.0,1.0,3.8,34.0,21.79,60.0,10.0,1.76,1.0,3.7,357096.27301653003
1608.0,,2.6,47.0,24.07,31.74,10.0,10.2,0.0,7.8,379741.8484130415
2743.0,3.0,1.2,25.0,11.8,126.1,3.0,6.45,3.0,7.6,823354.7025909065
2287.0,4.0,3.8,11.0,29.84,115.26,7.0,7.33,2.0,9.7,607349.7694084831
3310.0,5.0,1.7,10.0,33.2,86.42,9.0,1.21,2.0,8.1,679654.8243931411
3861.0,1.0,1.9,36.0,31.09,87.55,8.0,,0.0,3.4,563780.714103699
4407.0,3.0,1.6,24.0,26.13,145.61,7.0,11.96,0.0,9.2,982927.0850901041
636.0,1.0,2.2,17.0,10.43,51.31,10.0,7.08,0.0,9.0,380053.3702944318
4451.0,2.0,3.6,18.0,10.57,151.24,5.0,4.87,3.0,6.1,1167164.9968414917
4040.0,4.0,2.8,22.0,33.75,123.8,,6.07,2.0,7.1,818539.2432497424
4366.0,2.0,1.7,37.0,1.35,,7.0,12.89,2.0,9.8,1130414.329923136
2148.0,1.0,4.1,17.0,25.35,93.28,10.0,11.36,2.0,6.7,496193.2379074936
2926.0,1.0,4.1,25.0,25.01,61.06,6.0,4.45,0.0,9.3,545813.8367766254
2864.0,5.0,4.0,5.0,22.17,,10.0,2.2,2.0,,833831.5391525538
3514.0,3.0,1.8,3.0,,102.06,4.0,4.15,1.0,4.3,491685.2365506547
1472.0,3.0,,43.0,11.6,71.34,11.0,13.85,0.0,6.1,537715.3133094596
2421.0,2.0,4.4,28.0,12.56,115.37,11.0,8.93,2.0,7.1,763345.6844151078
1896.0,4.0,3.7,33.0,3.68,179.32,8.0,8.24,3.0,8.7,950777.1054356064
2709.0,3.0,1.1,16.0,,89.64,6.0,,0.0,9.9,803810.0779975844
1195.0,5.0,1.2,42.0,9.88,167.31,6.0,5.81,1.0,5.7,614672.8956469271
,,2.6,42.0,12.68,75.2,8.0,,1.0,,592642.5972269668
1328.0,2.0,4.2,15.0,29.38,28.76,7.0,8.09,3.0,8.6,242630.37313765197
1965.0,5.0,2.9,1.0,32.81,52.68,8.0,2.19,3.0,7.2,467307.7501035045
996.0,4.0,2.7,33.0,7.31,86.99,9.0,2.37,0.0,,518196.16136729124
1298.0,5.0,1.4,7.0,13.67,55.14,,8.28,0.0,6.5,585613.5258190905
3690.0,4.0,3.3,12.0,32.57,20.04,11.0,14.08,1.0,8.2,661820.0078824325
2824.0,,3.9,41.0,3.1,166.4,10.0,4.97,3.0,8.4,1205004.2847775365
2235.0,5.0,2.3,7.0,4.14,155.02,8.0,13.11,0.0,6.5,928130.0340790696
995.0,1.0,3.7,29.0,6.53,138.77,8.0,11.58,1.0,5.1,516296.41860566573
3092.0,2.0,4.4,31.0,21.24,46.85,7.0,4.09,3.0,9.8,779569.492815971
3904.0,5.0,1.7,35.0,6.12,39.26,3.0,1.03,1.0,7.6,1096644.5768658733
675.0,5.0,2.8,46.0,33.91,30.82,11.0,1.98,2.0,5.9,91548.44125276813
864.0,3.0,2.0,29.0,16.19,135.84,11.0,11.06,3.0,5.0,431641.47052405536
3102.0,2.0,3.8,0.0,18.05,,11.0,,0.0,8.1,917140.8822879068
2419.0,3.0,3.0,42.0,9.39,88.89,10.0,5.88,0.0,4.7,713215.4801250374
1317.0,2.0,3.2,38.0,17.01,39.06,5.0,7.77,2.0,4.2,324237.33303667634
3382.0,3.0,3.8,16.0,23.51,101.98,3.0,,3.0,6.7,843258.9192987838
4055.0,5.0,2.4,19.0,26.54,75.81,,2.14,1.0,5.0,900338.3945020486
4235.0,5.0,4.2,,26.63,79.97,9.0,6.39,0.0,7.4,1043388.0444176014
1450.0,1.0,2.9,49.0,20.65,119.41,7.0,7.53,2.0,3.8,327465.1060740994
4177.0,3.0,1.6,21.0,31.75,,9.0,8.34,2.0,7.6,761002.7451233815
1990.0,4.0,3.4,28.0,28.79,37.7,6.0,12.37,3.0,5.0,353306.5112260288
743.0,1.0,3.8,21.0,,25.69,11.0,2.99,3.0,3.0,104747.8236077576
1484.0,3.0,2.1,43.0,2.89,179.09,4.0,12.21,0.0,3.9,598859.297135654
3740.0,3.0,4.0,8.0,1.23,57.24,,10.55,2.0,9.5,1162598.8835789002
3770.0,1.0,4.2,36.0,8.22,28.61,11.0,8.56,1.0,9.1,931255.4792878344
995.0,5.0,2.0,9.0,23.56,50.38,7.0,10.64,2.0,4.6,340157.96560794406
3696.0,3.0,4.4,35.0,14.98,,3.0,6.47,1.0,,930538.4193534987
3595.0,,1.5,36.0,14.68,82.69,9.0,2.51,1.0,7.3,1045399.9310637895
3538.0,1.0,1.7,27.0,31.08,148.38,,10.15,0.0,9.8,613768.3292353135
2092.0,5.0,1.6,27.0,31.45,74.6,11.0,8.11,2.0,5.6,414230.427222277
4155.0,2.0,4.1,,31.91,91.07,8.0,9.77,1.0,7.8,738090.1402158658
4236.0,4.0,3.3,42.0,11.67,128.09,5.0,5.4,3.0,3.4,1088626.4802756996
3822.0,3.0,1.5,,24.5,101.42,8.0,13.65,1.0,5.8,751056.6405745555
1767.0,4.0,2.5,23.0,10.24,157.83,8.0,9.02,3.0,9.7,899809.4445948959
3216.0,5.0,3.2,41.0,7.48,158.57,7.0,1.74,3.0,6.8,1176086.9108874921
1662.0,3.0,1.3,39.0,7.28,21.59,4.0,7.02,2.0,5.0,518812.40561128873
2756.0,5.0,4.1,1.0,12.63,144.49,4.0,11.47,,3.8,918880.6421504783
4364.0,2.0,3.8,7.0,15.62,,9.0,12.01,1.0,7.9,1079086.0009358875
1665.0,1.0,2.8,47.0,29.25,178.21,4.0,7.67,3.0,7.5,290261.00913788984
1809.0,3.0,4.4,26.0,5.08,97.32,8.0,13.47,2.0,5.6,751314.3785436879
,2.0,2.5,21.0,25.99,177.9,,4.38,0.0,9.7,826944.5949087958
3045.0,2.0,4.4,36.0,19.07,,6.0,6.45,1.0,3.2,781145.8603061193
3894.0,3.0,3.3,26.0,10.79,59.78,9.0,13.53,1.0,5.1,985284.5739232292
1233.0,5.0,3.2,28.0,17.76,106.14,10.0,13.5,2.0,9.4,672515.9769994147
1756.0,2.0,1.6,2.0,11.2,,6.0,10.44,2.0,5.2,634327.7414272067
3834.0,4.0,4.1,43.0,21.27,157.2,3.0,12.96,2.0,4.8,905285.0762076376
1838.0,2.0,2.5,12.0,15.75,35.58,3.0,1.79,2.0,,526106.4443201511
1332.0,5.0,1.6,44.0,6.59,133.02,3.0,13.04,1.0,8.8,678992.4444885497
834.0,5.0,1.0,,4.96,75.29,3.0,,0.0,3.7,448064.4362565937
3305.0,4.0,3.0,35.0,19.59,21.12,7.0,3.09,3.0,9.6,928005.0760210268
1350.0,2.0,2.8,8.0,31.68,,6.0,3.97,3.0,8.6,218541.76472938812
3235.0,5.0,3.5,26.0,12.69,57.56,11.0,6.56,0.0,4.3,949691.9664247504
3680.0,3.0,4.1,33.0,25.92,151.02,5.0,4.14,0.0,8.0,805635.6007124796
3745.0,1.0,1.3,0.0,23.39,73.97,9.0,5.15,0.0,5.7,754521.3164293937
1553.0,1.0,3.6,31.0,32.67,152.4,10.0,2.46,2.0,5.8,208997.2661593113
3139.0,1.0,1.7,24.0,,20.1,8.0,4.79,1.0,8.5,441346.12122813106
3560.0,2.0,4.0,28.0,20.26,69.25,3.0,8.8,1.0,9.7,841582.0084496582
3924.0,4.0,3.9,6.0,23.34,58.59,10.0,6.91,1.0,,893313.7099952012
3901.0,5.0,2.9,48.0,31.55,,5.0,5.53,2.0,5.9,729369.0779173701
2142.0,3.0,3.5,2.0,14.58,30.91,10.0,11.32,1.0,6.4,641541.5167285607
1797.0,3.0,2.1,19.0,12.11,49.94,6.0,13.46,2.0,5.6,557946.0679016615
2276.0,2.0,2.6,19.0,1.37,108.89,10.0,11.47,1.0,5.5,748624.832409739
1791.0,,3.9,29.0,29.1,66.62,,5.31,0.0,3.4,171585.8952611894
2817.0,2.0,2.6,34.0,28.23,86.78,5.0,11.29,,7.8,530899.9537980091
2016.0,4.0,2.3,34.0,4.55,80.3,8.0,2.7,3.0,6.1,801661.3750051699
3593.0,4.0,2.7,48.0,20.61,160.14,,2.39,2.0,4.4,918211.7546089867
3442.0,,3.9,38.0,,164.85,4.0,5.51,1.0,8.7,1134795.552942404
3281.0,5.0,2.2,26.0,5.04,98.87,3.0,12.21,3.0,8.6,1069857.4088930415
1817.0,4.0,1.6,25.0,34.34,72.82,5.0,4.07,0.0,6.4,265610.7454384259
2140.0,4.0,3.5,13.0,8.3,37.09,6.0,1.42,0.0,5.1,740880.1704939567
2676.0,4.0,3.9,16.0,3.29,172.54,7.0,2.41,0.0,7.5,1012821.8000031246
3836.0,2.0,1.4,17.0,21.22,29.64,5.0,12.95,2.0,5.0,769527.8901170667
2045.0,4.0,1.8,44.0,26.12,67.62,4.0,9.69,2.0,4.7,380735.7520452243
2986.0,3.0,1.5,28.0,,67.69,4.0,4.17,1.0,8.1,916565.1864303612
4319.0,1.0,2.2,,23.4,71.26,,8.55,0.0,3.3,785799.0344632408
2119.0,4.0,2.6,,19.1,46.29,11.0,8.15,,3.7,577165.8830262958
1988.0,1.0,3.6,17.0,,145.31,4.0,10.0,1.0,3.0,670771.4166723076
2456.0,2.0,3.3,3.0,6.87,39.6,9.0,3.88,0.0,4.1,743085.8436517251
1965.0,1.0,3.2,0.0,20.31,121.59,9.0,13.03,1.0,3.5,493937.6192969135
1099.0,2.0,2.2,49.0,11.08,39.82,9.0,4.99,3.0,10.0,493677.51691346493
2280.0,3.0,3.9,0.0,32.9,31.29,5.0,10.56,2.0,5.0,331558.4722174626
1110.0,2.0,2.6,25.0,,165.51,9.0,0.73,1.0,4.0,256687.55149223117
3998.0,2.0,,44.0,,50.42,3.0,5.9,0.0,4.7,493913.08671425685
816.0,5.0,3.2,19.0,9.83,151.4,3.0,5.6,2.0,9.6,729604.9936698562
1924.0,4.0,1.4,22.0,33.97,107.14,7.0,8.38,2.0,6.6,363621.73029489664
1755.0,4.0,3.4,9.0,15.66,32.46,4.0,1.55,1.0,5.6,580554.0565721461
2427.0,3.0,2.1,10.0,12.82,172.87,11.0,11.96,3.0,9.1,939984.7004301052
3741.0,3.0,3.4,40.0,2.71,59.51,9.0,3.66,1.0,5.8,1014957.5806170884
3923.0,4.0,1.2,,2.79,157.54,6.0,10.32,3.0,5.3,1094923.5473769314
4086.0,5.0,1.6,4.0,24.53,47.01,6.0,12.15,2.0,4.5,939363.099567825
2410.0,4.0,4.0,0.0,16.57,156.63,4.0,8.65,1.0,5.6,827601.0114247311
3092.0,5.0,1.8,16.0,8.7,22.12,7.0,11.24,0.0,5.2,884119.7434922404
3523.0,3.0,3.9,21.0,21.87,101.88,6.0,10.1,1.0,7.7,881508.952230855
1805.0,1.0,2.0,33.0,9.6,143.11,3.0,5.66,3.0,5.0,602342.3630383648
2814.0,3.0,3.3,44.0,20.64,169.57,10.0,12.23,3.0,7.0,817085.6693054439
690.0,3.0,3.4,40.0,13.21,165.47,5.0,4.77,1.0,3.5,442987.25331392983
1313.0,2.0,2.8,28.0,29.0,151.14,8.0,8.78,3.0,4.3,243711.652578587
2481.0,2.0,2.1,3.0,28.9,162.11,6.0,11.31,2.0,5.9,527993.9188461113
4202.0,2.0,1.7,4.0,17.23,51.88,11.0,5.99,1.0,9.6,1002700.3231090615
638.0,2.0,1.1,10.0,12.93,65.47,9.0,4.89,3.0,5.6,373015.9527147969
3797.0,5.0,2.1,20.0,13.33,66.23,11.0,7.16,1.0,7.6,1067068.1442676326
4122.0,4.0,3.3,34.0,28.39,80.33,5.0,,1.0,4.8,785275.1180691278
772.0,1.0,4.3,11.0,12.16,82.93,3.0,13.98,0.0,,266461.57089062926
1252.0,3.0,4.0,25.0,,107.13,7.0,,1.0,3.4,546804.3907990955
1353.0,,3.7,18.0,3.88,45.58,5.0,10.09,0.0,5.1,590199.6293625098
1843.0,1.0,3.8,44.0,16.87,130.6,8.0,13.6,3.0,4.1,532161.9528912632
4309.0,5.0,3.3,6.0,17.39,46.81,10.0,1.93,0.0,4.2,1075567.0242443972
1681.0,5.0,,46.0,29.59,69.65,6.0,3.87,0.0,8.3,387112.8663389931
2283.0,3.0,4.2,6.0,,100.54,7.0,10.78,,3.1,773105.7424608706
3123.0,4.0,3.3,25.0,13.95,147.43,7.0,,2.0,6.9,952617.7595766655
1055.0,2.0,3.0,39.0,28.49,138.32,6.0,12.93,0.0,5.7,110358.81456274781
1428.0,4.0,1.4,4.0,29.0,123.29,6.0,6.52,,6.5,378228.4636066288
1494.0,3.0,2.6,20.0,14.08,44.92,6.0,1.8,0.0,6.9,483726.2725546513
1984.0,3.0,2.6,13.0,16.61,,6.0,6.85,1.0,,591400.567764729
2558.0,3.0,4.0,3.0,11.31,33.99,6.0,3.85,0.0,5.1,736996.8511365181
3672.0,1.0,2.9,22.0,32.71,,7.0,4.72,2.0,8.1,515661.97251759964
3034.0,4.0,2.3,41.0,5.03,86.16,4.0,11.7,3.0,9.1,969159.5726885445
2596.0,4.0,4.4,19.0,32.75,26.37,4.0,1.6,0.0,4.3,347465.1660586277
2995.0,5.0,1.4,14.0,24.25,63.84,11.0,12.5,0.0,3.7,662078.2550033261
789.0,5.0,2.5,49.0,19.07,172.9,4.0,6.7,2.0,9.3,542471.9914211953
1104.0,5.0,1.1,44.0,2.11,172.58,8.0,9.14,0.0,5.4,653349.7072095503
1814.0,3.0,,28.0,17.17,76.37,4.0,1.8,1.0,6.9,610903.4365467802
2131.0,4.0,4.2,7.0,14.86,26.9,7.0,5.39,0.0,5.5,701274.5766723041
4040.0,3.0,2.0,40.0,6.48,48.66,6.0,1.8,0.0,3.9,958875.4166964606
4080.0,,4.0,47.0,23.32,82.75,9.0,14.44,3.0,7.1,788024.4230395046
1423.0,5.0,2.0,18.0,34.02,171.64,9.0,12.21,3.0,6.7,368151.6618330645
1528.0,3.0,4.2,47.0,20.11,42.59,8.0,7.16,0.0,4.4,386518.8086483228
1533.0,3.0,3.6,38.0,25.3,142.16,7.0,3.74,2.0,6.2,459747.8378025382
1740.0,,,45.0,3.33,37.39,,14.04,3.0,8.6,503451.168563675
733.0,2.0,1.1,27.0,15.2,177.0,5.0,5.5,0.0,7.1,413955.5857433911
2705.0,4.0,4.4,45.0,4.96,81.06,11.0,2.83,3.0,3.7,896479.6094503286
4227.0,2.0,3.5,26.0,21.84,144.04,3.0,8.67,0.0,6.8,978845.9699352294
1284.0,5.0,2.1,,32.91,74.81,7.0,14.18,3.0,7.9,349317.43138606823
3319.0,3.0,3.9,14.0,23.5,,4.0,0.56,3.0,,881307.4098255264
,1.0,2.0,34.0,3.61,50.72,6.0,3.95,1.0,7.4,734118.2266573107
2452.0,1.0,4.1,36.0,13.06,43.36,3.0,14.11,0.0,4.1,529086.8154674583
1414.0,4.0,1.4,0.0,19.72,170.09,,2.98,0.0,8.0,636831.7833158534
1772.0,2.0,3.5,2.0,14.71,166.82,9.0,2.14,0.0,7.7,699437.9199770072
679.0,4.0,2.9,46.0,29.34,162.0,5.0,8.77,0.0,3.2,167837.57143870747
3533.0,3.0,1.3,23.0,,120.07,6.0,13.0,3.0,5.9,677659.3104283821
3884.0,4.0,1.8,26.0,21.8,149.32,4.0,7.42,1.0,5.3,919286.210021244
802.0,,1.0,39.0,13.7,31.05,5.0,14.92,1.0,7.7,235902.30123419905
3411.0,1.0,2.6,35.0,9.68,73.57,11.0,10.35,2.0,4.5,812087.010354061
1852.0,5.0,2.1,33.0,4.6,70.19,5.0,,0.0,7.1,739389.0424631594
2299.0,5.0,3.1,28.0,13.07,121.7,7.0,14.9,2.0,9.4,895116.8298059193
1850.0,3.0,2.0,23.0,15.05,76.95,4.0,6.41,3.0,8.6,655425.8853718998
2282.0,2.0,2.0,23.0,23.98,43.76,6.0,4.67,2.0,9.5,481526.9331720382
2155.0,4.0,3.6,41.0,23.38,115.43,9.0,8.59,0.0,9.8,674127.1276701165
4112.0,3.0,1.2,3.0,3.38,150.3,9.0,4.91,1.0,3.1,1129037.0163343286
4073.0,5.0,4.2,2.0,14.44,81.14,5.0,1.75,1.0,7.4,1185891.8518191287
2694.0,4.0,4.0,33.0,7.18,41.16,7.0,0.52,0.0,5.9,844416.6684877011
1856.0,5.0,3.3,,6.33,51.47,3.0,,3.0,9.0,791928.6818193271
3976.0,4.0,3.1,22.0,29.13,58.0,3.0,12.63,0.0,4.8,635161.4216939663
2149.0,2.0,4.1,22.0,2.43,67.98,7.0,8.8,3.0,,777348.5198658996
1766.0,3.0,1.6,44.0,15.25,122.85,11.0,14.99,1.0,7.3,634605.9847620523
4086.0,4.0,1.3,4.0,6.72,116.15,3.0,4.66,3.0,8.6,1193127.0384016507
4184.0,1.0,1.8,30.0,30.9,131.37,3.0,4.57,0.0,3.6,556445.8451895566
1996.0,1.0,3.8,,19.94,78.0,6.0,2.82,0.0,4.3,415982.6442682877
4237.0,4.0,1.1,5.0,,151.84,,2.88,0.0,8.3,1244292.7166538748
3930.0,4.0,3.0,36.0,18.08,52.65,4.0,4.64,3.0,3.2,884555.2987301435
,4.0,4.5,9.0,25.87,95.05,11.0,12.0,3.0,8.7,893035.7168209662
1070.0,1.0,4.0,39.0,33.58,148.15,11.0,13.63,3.0,3.1,70926.33232287421
,1.0,2.8,6.0,,48.83,4.0,14.64,1.0,7.6,830532.949216099
1635.0,4.0,1.2,38.0,31.13,37.58,11.0,3.87,2.0,5.6,268641.8092853002
1953.0,5.0,3.9,37.0,32.77,161.39,8.0,13.28,2.0,7.3,520837.4585766946
3383.0,5.0,3.1,20.0,32.16,74.87,10.0,5.26,0.0,7.9,760563.7103862963
3431.0,2.0,1.4,19.0,22.6,129.42,,2.14,1.0,5.4,711015.8924477489
,3.0,1.3,2.0,22.41,24.06,4.0,,3.0,3.8,354114.0718451547
957.0,5.0,4.2,21.0,14.71,130.41,4.0,9.72,0.0,3.5,501331.00055338856
3619.0,1.0,3.3,46.0,26.58,70.58,11.0,2.89,1.0,7.1,663827.0165001076
4079.0,5.0,3.9,3.0,19.06,28.92,3.0,6.73,0.0,6.6,1041174.1146307865
1267.0,2.0,4.1,27.0,24.03,117.57,9.0,4.67,1.0,8.2,407640.91674800665
972.0,2.0,3.0,11.0,15.57,58.53,5.0,11.18,1.0,6.6,321185.38172627427
1631.0,3.0,2.8,37.0,25.87,,5.0,7.07,2.0,6.0,382782.526119894
1745.0,5.0,2.5,35.0,29.03,32.89,4.0,14.84,0.0,5.8,321799.62898237683
,1.0,2.1,46.0,5.98,43.55,8.0,1.29,3.0,3.2,536108.2114430756
,1.0,2.5,40.0,29.32,67.68,4.0,5.65,2.0,5.3,487993.0785334298
,4.0,,4.0,19.37,34.36,6.0,7.49,2.0,9.8,491661.79232662986
4319.0,1.0,3.1,12.0,,165.73,11.0,7.8,3.0,9.1,835153.2086134607
3345.0,3.0,4.1,22.0,15.66,20.97,11.0,5.08,1.0,5.3,856307.1997349432
3987.0,3.0,2.6,49.0,,97.42,8.0,11.07,3.0,7.1,959155.142363773
3849.0,1.0,3.1,29.0,32.11,39.72,6.0,13.18,0.0,,519335.6572772054
1139.0,1.0,3.2,36.0,9.54,69.23,9.0,14.11,3.0,6.1,430259.8437142828
3379.0,4.0,3.1,24.0,29.7,168.17,3.0,12.17,1.0,3.1,650426.490050681
1468.0,1.0,3.5,47.0,17.46,45.87,6.0,12.83,3.0,3.5,308476.8846194019
640.0,4.0,1.8,26.0,18.48,174.53,7.0,8.48,1.0,6.6,440397.340603712
1339.0,,2.8,13.0,11.49,52.93,10.0,12.48,1.0,9.8,601037.4288335715
4375.0,1.0,1.4,47.0,20.48,138.65,4.0,4.9,0.0,7.9,889365.0649008459
2546.0,2.0,2.3,46.0,12.06,107.47,7.0,6.28,3.0,3.5,678110.9738201482
3149.0,2.0,2.7,35.0,2.34,161.52,8.0,5.1,3.0,4.3,950219.3189605153
3606.0,4.0,3.3,,10.25,108.64,7.0,7.28,0.0,8.4,1042277.4051391317
3816.0,1.0,4.3,15.0,1.22,105.53,11.0,4.64,1.0,8.9,1107602.0422113251
1824.0,2.0,3.1,21.0,34.26,51.27,3.0,14.44,3.0,7.3,201733.9872278557
1528.0,1.0,3.6,20.0,33.84,46.6,5.0,5.04,0.0,,80291.24378809513
2636.0,1.0,2.8,20.0,14.44,166.64,4.0,1.92,1.0,3.2,715416.6901420412
4395.0,1.0,3.2,7.0,25.76,72.45,5.0,8.14,0.0,8.8,800101.0547968529
3108.0,5.0,1.2,48.0,12.76,,11.0,1.33,3.0,8.5,1005660.3302088236
3379.0,,1.9,15.0,23.82,141.57,11.0,2.1,0.0,4.8,673037.4092660458
3399.0,5.0,2.3,30.0,28.38,74.21,4.0,3.68,2.0,8.0,790006.8031323366
1524.0,4.0,2.7,41.0,33.19,172.33,5.0,7.23,1.0,4.5,258698.218069135
3556.0,2.0,,9.0,14.61,138.07,6.0,6.78,2.0,3.3,830878.2823943484
2181.0,2.0,1.5,31.0,27.63,115.59,11.0,12.1,2.0,4.4,378085.881994048
4218.0,2.0,,33.0,10.04,160.94,5.0,11.22,1.0,4.3,1028893.4671749579
3924.0,2.0,,8.0,34.67,27.94,9.0,6.68,1.0,5.4,585888.4770391043
989.0,2.0,2.2,16.0,1.88,61.13,5.0,5.34,0.0,5.9,495320.811902963
,2.0,2.7,10.0,21.52,94.41,9.0,5.09,1.0,6.6,576426.951858871
3530.0,2.0,1.7,31.0,23.42,56.32,9.0,11.72,,6.3,657094.9566532655
855.0,4.0,3.1,9.0,24.39,139.02,11.0,1.26,2.0,4.9,424561.3588830949
1308.0,1.0,2.0,21.0,5.09,167.07,4.0,0.69,3.0,3.2,587702.8879358089
2438.0,3.0,1.7,16.0,32.91,87.8,8.0,12.04,1.0,7.2,343780.6125269373
2544.0,5.0,2.8,3.0,7.16,74.74,11.0,7.42,2.0,5.8,915463.2278077768
3097.0,3.0,1.0,47.0,22.17,173.85,4.0,2.4,3.0,5.1,738728.8647411661
609.0,3.0,1.0,46.0,8.57,91.18,4.0,3.92,3.0,9.1,453571.82659635413
3471.0,1.0,1.8,24.0,11.45,98.25,7.0,14.02,0.0,8.2,820420.34940838
1397.0,1.0,1.1,20.0,19.58,76.26,10.0,12.96,2.0,9.0,382888.38096753636
3913.0,1.0,1.4,36.0,15.18,165.53,11.0,10.79,0.0,6.5,950371.9635813578
3922.0,2.0,2.2,37.0,6.45,111.03,,7.49,2.0,3.9,957460.4477051876
1476.0,4.0,3.8,48.0,6.81,141.95,7.0,8.04,0.0,7.9,733189.8512826976
1628.0,2.0,3.0,0.0,15.22,,9.0,14.64,0.0,4.4,585225.4200081428
3790.0,4.0,2.8,24.0,26.75,74.7,8.0,14.5,1.0,6.1,781635.7144523951
1615.0,4.0,2.0,35.0,31.53,89.39,8.0,3.62,0.0,3.5,252835.89739695322
2424.0,3.0,4.3,16.0,3.86,155.76,9.0,12.26,1.0,8.8,1015525.7686021088
973.0,3.0,2.4,40.0,14.37,78.12,5.0,3.36,3.0,3.9,366406.73673175846
3736.0,4.0,1.3,23.0,4.41,147.03,5.0,3.6,2.0,9.3,1154950.8921203986
2793.0,4.0,3.2,1.0,1.56,,11.0,10.3,3.0,9.0,1155034.2337022512
823.0,2.0,1.4,39.0,23.5,119.71,10.0,6.37,2.0,6.3,229800.04685930244
1862.0,2.0,2.2,14.0,21.48,138.66,7.0,14.01,3.0,8.2,517168.9286861616
2824.0,3.0,2.8,31.0,6.54,148.82,8.0,1.79,2.0,,908867.420381904
2402.0,1.0,4.1,38.0,8.95,155.21,3.0,7.92,0.0,8.6,729209.3628707031
1452.0,4.0,2.7,5.0,1.81,83.21,3.0,13.82,2.0,6.0,662047.2319893187
3953.0,2.0,3.5,0.0,29.39,28.2,6.0,13.61,2.0,8.5,693806.0834064442
662.0,3.0,4.5,46.0,34.14,84.3,4.0,2.77,3.0,6.2,81110.04324830422
1840.0,2.0,1.5,22.0,5.61,127.8,9.0,5.82,3.0,9.6,776650.730676153
3474.0,4.0,2.0,38.0,8.87,92.06,4.0,9.48,3.0,6.4,1024417.2142405439
3442.0,4.0,2.4,16.0,30.53,139.83,4.0,2.81,1.0,6.2,703883.6071083427
1288.0,5.0,2.5,33.0,,77.12,7.0,14.54,1.0,8.5,330592.86062276945
2084.0,1.0,2.4,40.0,15.27,121.56,,13.76,2.0,8.8,582541.9470596788
2233.0,5.0,4.2,28.0,2.72,49.83,10.0,2.92,2.0,6.9,925061.9121479905
2752.0,3.0,3.5,8.0,2.34,139.9,6.0,2.26,0.0,4.3,897998.4906776135
3770.0,2.0,3.1,12.0,20.51,107.31,8.0,1.74,0.0,6.3,824286.4887311214
,3.0,2.1,5.0,14.36,52.65,7.0,13.69,2.0,9.8,542196.4078753497
