Position,Level,Salary_USD
Junior Consultant,1,43360
Business Analyst,2,55772
Junior Data Analyst,3,64592
Financial Analyst,4,71466
Marketing Analyst,5,84926
HR Analyst,6,93444
Data Scientist,7,102671
Senior Business Analyst,8,111919
Project Manager,9,118630
Senior Consultant,10,129685
Product Manager,11,138269
Software Engineer,12,149391
Senior Data Scientist,13,158933
IT Manager,14,167184
Finance Manager,15,180055
Senior Project Manager,16,188385
Director,17,198617
Senior Director,18,208843
Vice President,19,216404
Executive Director,20,223474
